cookie_id,score
ck_315fb710a0e371e7,0.007140017462271323
ck_a76ee3b3e3e522fd,0.06153430278712642
ck_94c9a4d382689e82,0.02183779964229108
ck_8eaf9509ad9462a0,0.010566023102437068
ck_9a88a5a989cb5bc6,0.007274373276203716
ck_15239ef0689c1a35,0.016655099671377804
ck_8de69cd219d3b87f,0.19967948098978427
ck_f92cd37022b0ce21,0.014824300713723244
ck_1a3ff7620580a514,0.010444998984774067
ck_397c03aa33a57310,0.07708342076834436
ck_a7cf6c3b322f6b7a,0.018999171535691962
ck_c39a9e75760e3201,0.02394475249104146
ck_88ab6d245228c38e,0.014146430473191553
ck_17733f75ebdea93e,0.03899143737472302
ck_58eb871e8d7bed52,0.1178292612121784
ck_e55b7fa67db1ec27,0.018300235071350812
ck_62f5cfe22c952694,0.09157132823059565
ck_7fbb709a0fe95759,0.009751305796287546
ck_87abe9cd066a20fb,0.04058366609549481
ck_d58e058b5c553dd5,0.00787121601154097
ck_d27b872648b71202,0.059409430950091435
ck_4b4a3c5b95c55b43,0.013681174232086157
ck_66dd4f4b4127256d,0.005585747975301691
ck_93cc12703b500613,0.038342131261495806
ck_d28806a2179092eb,0.9917385814474243
ck_0595c2a0c7881e05,0.021763634194431832
ck_50087d8666191144,0.7958436077129687
ck_b08b3f089138c901,0.01158214076621175
ck_fe3b67041dad2dd1,0.013246026382295205
ck_8449a28f7d475d93,0.051943667914395364
ck_8642e3b6d84f49d3,0.015500341783336194
ck_e49b5e4f2f2e79db,0.3745524336919777
ck_437afe412ea4259c,0.1284241227207795
ck_569b83668d74042d,0.5115436507776687
ck_233a487d31c3e631,0.9961412874212366
ck_1fca72e03143a645,0.5037302229210883
ck_79205e31223df2ad,0.012850790598971528
ck_9625a64406ea16e3,0.012330071267127115
ck_079bd18dacb704a8,0.38191884882657
ck_4db6d4fd2b49aa81,0.018803080657427106
ck_0dbefdac0a1868fb,0.01624288483306798
ck_24ff97ad90bdd69a,0.06930238890283102
ck_77f8c5042065d506,0.017478639603457184
ck_f11be8ce05382cec,0.059454922603469094
ck_c9d72140b0389216,0.05169152012310767
ck_69eda24e931fb36a,0.020556144516957354
ck_ed471e496916ee15,0.036749676596554204
ck_ff090498c4b17ac3,0.008657907318301274
ck_c3c19d6a0720915c,0.015137978140435531
ck_af02e1817cfa40b5,0.16103943264578152
ck_2df5a9fc87553eb1,0.03337742422582576
ck_4ac918e884cff336,0.02010795212747082
ck_ca149244b54ef3ad,0.009070402093276201
ck_6babe5b8674ff51f,0.011985597254593434
ck_1573878386886290,0.02697162130403411
ck_3925f8565abb7fe4,0.02596884960459577
ck_c4de808ae69c771f,0.01572618673280575
ck_a777c813551281fe,0.0556051854017201
ck_df4424f6dd85080d,0.01829436172479679
ck_85e5494ec20383ae,0.01801120070525704
ck_f71a4094e889c3af,0.016196156611497196
ck_f2f3cf9cd23b2809,0.09620567105742152
ck_18e2076397bcc211,0.05172540872327219
ck_c9f9fddef39bc664,0.02391771263425302
ck_7e826e233d6ea028,0.013175436898555893
ck_62fd7eb46bee9210,0.0829824700778465
ck_206f8e3cd72768f3,0.030779977490824735
ck_aa295a11b0a6ab36,0.03970579733488543
ck_9a56739d81f84a53,0.11388612209686344
ck_aa075c418ed9fe5a,0.05696238941864719
ck_62b9fb3db284941b,0.027627047092867278
ck_f4f83b1403ebea46,0.02679493646505499
ck_16b66bd803288bc3,0.22891269921453153
ck_c4ca1434f3778f1d,0.9863808118672236
ck_1b823610371a29c0,0.011005900452602465
ck_c2bd5a722aa637d9,0.07085118700051059
ck_7890208951df34f0,0.0385264314487885
ck_020eb0e454524ecd,0.017026444962031442
ck_3b66196ccf436c35,0.057105145551988895
ck_109fc467ec0a4af5,0.07167836420111652
ck_f3dcd818db92de7b,0.00862442302021975
ck_31e7742f160980ef,0.012510823169230524
ck_77fce5f86f00b8f4,0.3899924034692437
ck_46bc797b4d07d607,0.04558935628147907
ck_37899b1b571b1c6b,0.010393110430244377
ck_ef8a6af43fedd464,0.04050265677181288
ck_bcc8519fe8521038,0.12234589444998202
ck_90696b7182dd9129,0.008412958661151673
ck_4a24ad61d017e1ba,0.036711136177873256
ck_0acc3d8c67218b9d,0.07939607287895424
ck_05c97fc9de11aba6,0.02247803488979885
ck_f8ac3a0500c0ec62,0.10125347964392005
ck_617b65141f546a1c,0.0103455796116475
ck_9d00823bf60388d7,0.020090325151873527
ck_123c15d93f1840f2,0.21222094642249167
ck_573feefba6bf78bb,0.05013165571926837
ck_b25657bd16739036,0.008657228219226836
ck_bd26d2bef14a8597,0.010055215421878096
ck_a553418f2fba1440,0.01657518492215652
ck_89f3e380b0686963,0.023244885594010653
ck_b359192aa659bdce,0.0307679074142379
ck_02241f3dc301bebf,0.009150377326014031
ck_5ccc1a1c78cb33ee,0.032329491101473685
ck_349cc5edda1b8853,0.06600324485083169
ck_e9f228845bf6e28b,0.06363564734957151
ck_0a45d033d4e280ea,0.01591317189846237
ck_7e63168dda612235,0.010975245517604402
ck_676fa5f6aae5475b,0.10643911691706505
ck_74b502b20690ccfe,0.012668775301411462
ck_073509af21dd7f5f,0.2111586113632876
ck_498a0acd450944d8,0.010161827503118883
ck_7f15b50b29dead01,0.30279284106508847
ck_8089fe7403c5f537,0.021257803611533923
ck_05b2b04e11d9ae9c,0.014053181044816603
ck_31e70f2f04b48b88,0.03625874465133338
ck_994316fa5a02b319,0.00731312131586656
ck_b76510998b9a2260,0.012947248557712461
ck_4db95c310e105d30,0.01459014410516548
ck_6f730b77dc6cdb84,0.11173212729234593
ck_2493ee8e7b91d304,0.06601237088441422
ck_92d679d6ac7dcdcb,0.3271609769655165
ck_3a0e0200cbb185cb,0.11928686553676301
ck_0b2eeb4e00ff7955,0.016928165483086902
ck_9843d0e61c37ebe8,0.9972966040577135
ck_e61c8721e3ef1921,0.011653226548411796
ck_2e0eedaaf2980c2c,0.05082053630238998
ck_9036b2e5e9298a34,0.09719588194171123
ck_3265442528d51728,0.06161266918869148
ck_f2ddae2eb1cb29b4,0.042098464374435846
ck_6cfa71d27fc27f92,0.018873731399064033
ck_f3199fbe84a28b9a,0.03827664598710254
ck_b78d785ca3ef773a,0.012397203406463712
ck_374865697f1480eb,0.027911536328236144
ck_06d0e4a9189302a9,0.036609089095643386
ck_9c9884b9bcaa552e,0.10231701568705755
ck_fd4cf578e87703ff,0.020063813872401432
ck_1917ef3e6e345549,0.028559276501079214
ck_e70418b00cbbbac9,0.025830338087047856
ck_a60388296a47062c,0.013599476302584809
ck_d598fe8d2c779ab9,0.033150333607677135
ck_646dc03de4c31803,0.45507513831959673
ck_e4fd8cbd842b6993,0.04566029893844302
ck_2225b555aa2a42ed,0.06900072320860201
ck_6be8ae9d78148882,0.01806720975846804
ck_4199342d3aca74e8,0.021617341251581258
ck_779581adb573261f,0.012596527043229888
ck_bb303568b6915205,0.013415361143705251
ck_17c4296276448afe,0.00952014498142562
ck_a60a61ac829252a0,0.011363921409665275
ck_6ea70950c1cae00b,0.7560809672173504
ck_1abb93f6924645e1,0.029339584411656298
ck_faab769cce19879a,0.038343960940502395
ck_d5b8e74e7ca6355a,0.04798041246363877
ck_f11f7691af16ad07,0.012196288903166033
ck_188fdf2be7c92e9d,0.9916769200361324
ck_4a103f8254b366f7,0.03922805809715305
ck_bfa17a0b1760e616,0.008100189269669756
ck_a4d7f6a5869d440a,0.7914636603356372
ck_58e20f5a3e7f11b8,0.7366805234530048
ck_4becdd3d2696c7ba,0.011010510647730233
ck_dad5cf32ab9f243f,0.402011670733111
ck_7d9f73dc7c4f90c3,0.14304327396933245
ck_c19371047a2d011d,0.01191027545025101
ck_247589ff532f7aa8,0.021131664169142014
ck_7a9f241d5f082567,0.015856786661167535
ck_0a2b7078736b4dda,0.032806248671985186
ck_687b412e2aac7eb6,0.036699324615935454
ck_fce0b6855886a0b8,0.01975575122816285
ck_e291cc60920456d0,0.10335964839201574
ck_04219a7ea798db51,0.15419848793642252
ck_286bfd719836e9f3,0.0340886624969336
ck_55efc92394fee232,0.011704344352332252
ck_e36c8da1bd359960,0.05316924588636141
ck_34b0988a97d96902,0.015903114836839843
ck_e0fb11fc9dcb34e6,0.017583892412783617
ck_bcc9cbc9ed8b7c31,0.027797609161993014
ck_3df8da6f60a89a5b,0.011449468809746035
ck_b1495ee5c59a6b28,0.012079727660596541
ck_58f4c3ac61fda129,0.01968957943595084
ck_735f244b99e3aa8d,0.011160341493965205
ck_6b93bd8abf87b1d6,0.30136356424574245
ck_12107dacc6d05bd1,0.04133321939033643
ck_f96db2a1f3448d1f,0.010624405537518576
ck_8fd91a3c99e19097,0.006540722261981538
ck_910205d25388a0ae,0.02021224724990036
ck_d229dfa0e4442628,0.03265463927818324
ck_7cdec61e1c488798,0.009249904650111345
ck_f66f06e24ff32671,0.012071711958263873
ck_350bf14e90b503f5,0.008578854896931647
ck_61fff5fdaadd394b,0.011824840251974342
ck_e934f984bad2ff91,0.24742242441455492
ck_ff6a6d3547dd2d37,0.03321742728772262
ck_65ad9b15979e3247,0.03723002672309206
ck_bbe1a2ea5a403ad8,0.0872176754494448
ck_6f3a28eecd2c4031,0.00951774001532824
ck_a89b66665714058f,0.018663164373577568
ck_918c92182b6817cd,0.028807655555557955
ck_64f5eb4be9e7b8fa,0.018351419145865834
ck_d021fd497ea35fb2,0.01407830472969119
ck_004de16f7d8a42ae,0.019302255713009395
ck_a33d2325f86ab12d,0.052486803089719376
ck_89790ff26c844bc6,0.06992307571871452
ck_e6e7257377c37b28,0.03451731468241466
ck_a2cc3910a641a808,0.7186416534414094
ck_646e270e0195bf05,0.019027643894687758
ck_baba5d66def0d770,0.026160018572263178
ck_67cdcdda3033842d,0.05021165246260153
ck_b5c3075c811a2216,0.013512866975680117
ck_515379973a8044b8,0.01644861790420302
ck_c0ce85fb4109567d,0.013865394814187443
ck_fef850553862aaca,0.011235772358972563
ck_55d7217b0aff9fa2,0.13897793883610207
ck_8e139f8925ef7968,0.01848024630439726
ck_9e35b908fca1e4d7,0.015132339078674712
ck_59735f4ab2ad3da5,0.03314639727528547
ck_dc569c1167ccec0d,0.4155239377389688
ck_1dade5592f90a15c,0.02287498153939141
ck_793048d11fb8b328,0.06582358331027983
ck_545b71eb4fa594b5,0.6554620289841913
ck_bd30853e9a57b544,0.020747326169751067
ck_59f46321ecf6d306,0.0129005468399696
ck_260cfe9141d249f1,0.10674308312767171
ck_3365a0ad1a8aa83c,0.01431434697802671
ck_b0ef193195a2138b,0.01205384430593812
ck_0f909705e2e60f2f,0.011382707459464703
ck_5a540b75c866166a,0.01658887148750223
ck_87c26b2f41025109,0.5418068557804023
ck_27acc9f320cda104,0.1445866663109895
ck_a27bc31eecd9cb9a,0.03882922620457443
ck_115d86fabde77b65,0.012939795551292835
ck_eeca179341d56f8a,0.8295866437190271
ck_8e5999c436cf037e,0.016794090162393527
ck_510e7c5df1f95d90,0.9814902891500699
ck_f1acf73363925958,0.040347612517761276
ck_3c177f5970b68bd3,0.05683920424276605
ck_9cdfaa1c30cc9d32,0.00669703220494261
ck_c8efa1538b37c359,0.03742468412594332
ck_a8a2e296f9804bd7,0.04999789073359254
ck_91a0ca45f429568d,0.013736188776013335
ck_5fdf8a0bdbd3ed62,0.012383349473243436
ck_0f4e2ec66d50da5f,0.014864616005388746
ck_28c53b214b2ee882,0.22237469684234457
ck_003148504557f720,0.03575530531368184
ck_01d840cffb870615,0.0616602740862587
ck_555848d51f4b5f35,0.02452745505099172
ck_df20cc23b8fb8e22,0.014010070263633658
ck_f9604adde929beff,0.08932720290858764
ck_d66952b03591bdec,0.01306287320277928
ck_ddcac1ab765ff61a,0.09672598853350754
ck_347386629d96c664,0.02267564806822754
ck_ab01db9117acfe3d,0.01616083619851889
ck_58e5359efc52e0ad,0.005196859549053286
ck_1a524b5cc8da71b3,0.0184810744429417
ck_e9287b6d909d731f,0.015298985455894644
ck_bb41a66e3d90263b,0.0715451922366515
ck_e95c8cc1864bd584,0.06052738762257306
ck_7a3f2961e9a8b6dc,0.02597429972947798
ck_378a9df82b1e0bee,0.46581442657680144
ck_42633573639a3f02,0.9475388109370411
ck_2a5a4c18c2c7274b,0.019073793138725568
ck_77549c1a41f837c3,0.02346646916929744
ck_a26704b5b26258b7,0.013262138722003188
ck_9874ad160efddf50,0.01255238518720757
ck_9111e3a04b14dfba,0.040799772278509706
ck_651e076ee43aea85,0.06087640679695411
ck_391639c0f13932f3,0.014033901396753585
ck_02dbabda93c8c13d,0.014277921907704572
ck_0adcb1fffcb0a34b,0.04235817825614973
ck_7a43ef9c7b1c67b5,0.05708306165277657
ck_4b9dd69946438d0b,0.03498162038090063
ck_90bf017cdd37b66e,0.03844360112669256
ck_61c74163eb36556e,0.027771768104871093
ck_13376c59b5bd6943,0.007084850537516124
ck_62337eccb1672737,0.039381251581248465
ck_16077934338472bf,0.012875729269470991
ck_0d4dfd93086e7330,0.27993303044144663
ck_3865b7525b910893,0.015128783936907184
ck_7e2ae8b69ebd5675,0.01743607275172943
ck_b4384b6c11766ce7,0.10629087224737374
ck_3d7fa32dfb9fc692,0.06917678691545413
ck_f4a6a7cadd6e0603,0.22588858192020994
ck_212525e2828a6c45,0.2948035237169024
ck_33ad8d53394ba77a,0.13462443352055245
ck_a5051eafe8b51224,0.07755092852341965
ck_f65e5ff7da565f91,0.014628567222836916
ck_5c37f7563fa7591d,0.014630846701544556
ck_f1e0a006068aff29,0.009137087361461856
ck_c646cdead6fb79d0,0.01574850075448432
ck_f8b3cdffef535330,0.06722935265764692
ck_e5cdbe3aa12c97f6,0.022715581494816832
ck_986e4e61440506d0,0.03731618433651254
ck_6da9c5912e15d9a8,0.016197830296472027
ck_51d842e6dae74c71,0.03167451370259134
ck_5fc65c24e0736d5d,0.6600644285407035
ck_babb95a76c69509d,0.014181594960241909
ck_86a2d852a9715432,0.043969871039632596
ck_db4083a0d043def8,0.21967064628988
ck_96953b8945b7d403,0.02895164893605723
ck_7831ca5c31fb3859,0.1385155994884195
ck_60ac5e5f375daa38,0.020683776216377323
ck_05d44eb1f5f085ce,0.015597155526119743
ck_432cc19c7eeaa46e,0.05965554881240757
ck_7fc513033af061af,0.020123141212408376
ck_ada6ede84c111719,0.06849112460316495
ck_6343e0d3b1c2962b,0.02261529588346439
ck_010264ae04f2e902,0.028563138257772503
ck_e9dcf535f8c289eb,0.09605086492363486
ck_37143d9cc296e6fa,0.03523988536099737
ck_61fa051192f3e810,0.02485829285537972
ck_f9f93d1d41be1468,0.12686872638608665
ck_c4f4f28457be8a74,0.013755950282601992
ck_323a71f9452d21cb,0.23266160232687605
ck_170f4688e0acd875,0.06506141903553397
ck_869b1878d09d230d,0.05301853017968569
ck_2f6b33bf46976229,0.061619449325038524
ck_b11e22e75d9b99de,0.032143251330603216
ck_123d75ffb75b606d,0.03563917622642394
ck_94295287a04c85d2,0.08070451562043945
ck_1b0434f096795328,0.0668110290038454
ck_0a4e191cd0a57ce1,0.009629142102498748
ck_d2fbd0df99634676,0.36995328299346103
ck_d51df5e9fbbbcc94,0.19472781153658458
ck_2d3d7d64a6f443f8,0.012383645973045162
ck_731943c682c9394e,0.032106514652490745
ck_5ccc0c94e5e1f849,0.010248734589415597
ck_c3476080516db25d,0.010234733747275916
ck_5010ffb1c94187b5,0.0074123814033272934
ck_7ef666d67bc70223,0.012834864330871332
ck_c1b493527224a27a,0.05049880057336135
ck_5d1e25d7acc5af9a,0.008575941318779312
ck_ec30b61cbf517db8,0.008494895632027656
ck_79323eb5d2e5efae,0.0947015735303503
ck_4085cd3bf2661518,0.013742310067180597
ck_2ca91214c357c072,0.05520821142068507
ck_7f3132d6be389657,0.05421112754099637
ck_e7a6b925c8f39a85,0.05203307629666921
ck_c886adec7bac250a,0.012503285684741988
ck_c3f360c2d0ea0a37,0.012932468847186716
ck_a7acd5b015823793,0.02216996034426457
ck_9d64187c0800f84e,0.014326196889312201
ck_5d4ed73b9efd7d11,0.019743850563851133
ck_874eca6776b34dec,0.010230945450789378
ck_96a9221a87be93c3,0.0716728699770995
ck_68dd79a51eabf5e6,0.06176714879032002
ck_8311cb6755b2016c,0.01676393844076413
ck_16fc77b2bcf5ec03,0.7643876717912316
ck_ad9e2088a33c8c72,0.05410687399476956
ck_7176bbc97b1e42a1,0.028807989089987066
ck_80dfa54b30f65fff,0.5756572225641565
ck_31c54d540b128843,0.024288546190197484
ck_43ea894480567274,0.03324425803809356
ck_9c9e8a38bd5a6c88,0.0181801821280554
ck_1c2dcae19539e148,0.01941296955680046
ck_b0fa8b84e94d8ae0,0.019866352398104536
ck_4ceb43ccd0a81c2f,0.017393486429593107
ck_ba845332b730b596,0.009754595368778844
ck_73d3e8c6077f61e6,0.08127780475964265
ck_b5d0d223ef56473f,0.016614311180395348
ck_949f08f8e80e93ea,0.013258210596818998
ck_73de0b49709e5f8c,0.09219209248995418
ck_b5935e9722a39819,0.027398006390396776
ck_96247fee0eb44420,0.009240302465328778
ck_a6def1e4b2d57e0d,0.02341471896228367
ck_aecdc5a96321a2d8,0.015967177078531708
ck_bc61c59970f8de49,0.032768361088122124
ck_c43b4175fc9ac5bd,0.5592107661667829
ck_8ff7a9b23a55fd62,0.04974415959248535
ck_20c99b645f462449,0.010792615541249434
ck_a5ce2ae36fb410d9,0.008899349678133892
ck_96fb9bf556842bbc,0.010644546574819462
ck_b5e4c6dbbed1b773,0.014922882698529679
ck_2085433978e72ea9,0.09415122114418528
ck_2c6b174b063ec637,0.012299962045058328
ck_b20b81b88dabe28d,0.009302773719821569
ck_243c18dbf150831c,0.015597155526119743
ck_2bb6a17e8eee35cc,0.015394527690962978
ck_66147fb994495396,0.16513887605799954
ck_73f124f075ede0fc,0.04134864891898088
ck_2e315f1b1e533dab,0.06694178769250438
ck_16c7bf94ed3e7a6f,0.006884504078664404
ck_4a0eae220a762ac5,0.012870375479243433
ck_dc16f939c2f44ad8,0.02781637244074602
ck_817926b449754917,0.019085794672923338
ck_0c0dde42ab64ef87,0.02438690518403705
ck_cb3a40594da6a2ee,0.03804495810149439
ck_d0dc156441fcfdcb,0.015071250740212006
ck_66f0945add423e9e,0.02577945204087835
ck_a74f6a3030f5d495,0.013104768780971755
ck_1ae460f331e49ae2,0.03871159819307465
ck_2d177b2f4f0b40c9,0.09095433115522081
ck_92e474e4368c4791,0.006859933415747459
ck_3dee83fa2d109484,0.027689777087894715
ck_80e5ea27848069fe,0.008539409304380236
ck_ed0c4a83701ca230,0.03278571579769778
ck_0b8b7c5c581fd161,0.00641654231928096
ck_60bf8a2870956fb1,0.012913321197277602
ck_73a54b56a2bf35fe,0.3021202500780848
ck_2296d7a563424883,0.020676741595475702
ck_bc19c383560c7477,0.026876491774448067
ck_861d8e3d88f1079e,0.02607672189358784
ck_3f090fc96c24eb28,0.10875748384733155
ck_9a6a1f8102febfca,0.028265911904589068
ck_541b6ad5d2fa5a39,0.012806791285718945
ck_a760d38d1bc4de97,0.02683676126995887
ck_7dca4d7ee10b4eeb,0.009184386400893892
ck_15220e78d1545e40,0.01178102406681856
ck_ca24bb0de508efb0,0.05423424799422384
ck_56b389627d8f02c5,0.7708432071348053
ck_48a6754977a44db0,0.11675719879030497
ck_333a43ec339a04cb,0.04396595043043216
ck_f22aacaf86a65d7e,0.03150845339815658
ck_04bd8a1ffaf3ffd8,0.006586070642468369
ck_2737a72de6b700f3,0.024042579344612222
ck_c35e03b0dd0c3454,0.024893035918850354
ck_e0571312f395cd94,0.027821131612057456
ck_09fab6b9825001b2,0.016723347051946624
ck_18c3a095606209e8,0.016530941030368937
ck_2a97db9377d01e36,0.015752809583664863
ck_f29dbbfdd2786bd1,0.01170313967041415
ck_35d6c510ad29362e,0.41543259216031997
ck_5468fa99c945d785,0.034414297646742587
ck_6f8102f62c876cc9,0.03429034324561622
ck_91955aab3424ad16,0.010802755679217303
ck_9a43c0c73a39d759,0.048898891377736106
ck_60b023af6d1e30bf,0.13847084279006602
ck_9704c5cf8659cedc,0.015270280500170179
ck_7e5f02b51b9f78bf,0.016531878926723316
ck_7d3a88d1aa649708,0.9486952108906402
ck_8250eddc1ecb07a0,0.033253173080904475
ck_d979ef95ee44023d,0.04266624236772544
ck_5e5461dac83531ac,0.017865454094988666
ck_d1bb8890081e0a31,0.009241267679297721
ck_32246c62640648d9,0.015547940533862766
ck_77a40c7d2f862a32,0.021375080440672916
ck_1c8b94efe9238f5b,0.012642309155278775
ck_eaf3b6d11bc3cb11,0.015786178200066944
ck_a4a7ef3ad799c380,0.11861714196482775
ck_d5bd8f68da073cd8,0.05606315375209185
ck_6e6258227fc8db7f,0.015421641392423897
ck_c35d444e05799db6,0.014537291120406384
ck_74665e1209140ae8,0.15810761739805043
ck_353a272478f7e903,0.04691473543317108
ck_a2c9796ea229a4e2,0.036698559990248195
ck_e0171f91cb3411fe,0.025968321137387073
ck_703499f5410280f7,0.037763470463736064
ck_ae3a763997f8f385,0.07640200452241903
ck_f7ff94c3df5ac874,0.016685356254044464
ck_f3c16d8f747db046,0.012232175593218755
ck_7ef019ed77276496,0.041072914807195174
ck_d6a4faadab58a3de,0.007172402936231052
ck_ba7b78d31d74c794,0.058429508433466455
ck_36287d063350ce9d,0.022332740543384362
ck_5177fc7137ff26ce,0.00838281057202592
ck_dfd4e79aaa967b63,0.00899519580193026
ck_fb44d15fb93a7157,0.039609642104370575
ck_fca478361870a4ca,0.0516499417182404
ck_e57b94fe57341058,0.03053602928013711
ck_5448c946cc4758fe,0.011034046547172376
ck_c5ece5ffb8800ad4,0.0166714603298103
ck_11cb98211b2ed134,0.5381548354600825
ck_f655399ac75c4450,0.02458032113807605
ck_c817259019588d30,0.058652100122690044
ck_8740a14d8096c6e1,0.024732282918658505
ck_0c5ba86f4e05b38d,0.01088034230804488
ck_ccc917533d4b73d4,0.013778886602301367
ck_9eb80edfa43203de,0.009698616909735572
ck_d1a1cf4cf61d6801,0.04198121891255211
ck_b17c239f160e6017,0.04225997952583713
ck_410c3e13b48e0415,0.029494288004739296
ck_ab553954435e8854,0.07733890076667818
ck_bdbb4230c91e1604,0.07750231365836294
ck_8fd4937eadd64fb6,0.06572101675953401
ck_e0e90b196bef3c11,0.019193998014954142
ck_3dc4d464386f0eb2,0.07542900497302979
ck_51bbbf8f8e8ad005,0.9918835648933861
ck_c05737ab74cf03c6,0.045051223412071496
ck_dceabbe04d99afc2,0.1113544378485767
ck_5b86fd14e85bc9c7,0.7488013013976128
ck_d4febf0083800424,0.1562191202312154
ck_77d9f86dcf251739,0.008979928402302731
ck_b4dcebc543deaafb,0.035605163629007903
ck_cb856e75c949b0cc,0.0117055973300513
ck_61b067de8ffc1ca1,0.04220213973527394
ck_c0e8560ccfd9dd9d,0.006562091821308063
ck_173e1198c341087b,0.015322225713029167
ck_b4d55bc809000276,0.007036989352026421
ck_839bf139296b5cea,0.00964549859972077
ck_78cd402a2a4f2e35,0.015408289961308594
ck_c2925c50ebacbdba,0.009950378989872414
ck_5e3bc76eddbdb0a6,0.010865441516081134
ck_b7793edca26fc512,0.024395542572509036
ck_d79bdf04d6f31cd5,0.027401602316316994
ck_4b97d19ed946f503,0.04335665847345208
ck_37139b41c5370523,0.1539247088047794
ck_8c346eeefa9ce692,0.03276563800238593
ck_2ab7eddee2d8c49e,0.02763663873490837
ck_29da59ea3bffb9d8,0.039289389886047466
ck_c1d05ef0ec6e4be7,0.009236941761329135
ck_3882423b449f6291,0.5121106594881968
ck_5647030283171ed5,0.2016508535776075
ck_efbdcd9c181e72ca,0.00777903750322881
ck_192fdad892782daf,0.05317457707005962
ck_0bf2e13b9f2601ac,0.02116901134940727
ck_3d6046a533057795,0.09290340070278844
ck_279a1d3a3836e5cc,0.07190635175369371
ck_c375e929becde422,0.03030357723475818
ck_a59e90219939a1f0,0.011928716558648307
ck_4e9fba1ec54c3ff8,0.014370969042846468
ck_bcbd8588a13f5eef,0.0430127941655522
ck_5f9a7ff990341bdd,0.011132169824941768
ck_e0403d507519b7d2,0.011422798019589028
ck_c9490cb61aff5112,0.010191797051467558
ck_41dd44308e6a665a,0.06258970621690045
ck_76c23726cd7ca947,0.01619716637669819
ck_9be551300209fa83,0.008367525612325285
ck_a98848eec6c9581e,0.050492749911619755
ck_61176dafb33b2d8a,0.5574499314093605
ck_92de019e05971ce3,0.035424031300515794
ck_5d644224135d7c65,0.02898580862463942
ck_c767fc454fa215d0,0.013855015394214005
ck_5df85a8924e11f27,0.01703225512328649
ck_da2729307af06ed5,0.01513003454184702
ck_7c6b577174af7a78,0.04069710127251452
ck_893b8afbe11301e1,0.011037174945987813
ck_e06f6fed020ae014,0.1250379013869501
ck_386680372fb54857,0.024991440527751776
ck_7a7f3c4fe0c9d2ca,0.022053624586884847
ck_f908b527c4db422d,0.040328846585582716
ck_ec2eee6a133e9a6f,0.016612979190810378
ck_d98934f9fe0b02b3,0.01945148813436819
ck_398a1ed77b0130e5,0.008216599899993274
ck_d960af7a55b892b1,0.011743693270189445
ck_4637e54a9f79e2e7,0.023248471376224968
ck_02b9f418524f6650,0.03689562785829394
ck_d4b23804cebb045d,0.012489262104487484
ck_35b1939c48182a9a,0.010852655349519624
ck_2dcbb71e39d64305,0.07481250020809183
ck_47a884dec960ff2d,0.11160452820080792
ck_71fd8c346fde5cca,0.023258734342795795
ck_98e1992ac8e7d2de,0.031849742535693046
ck_ae7780327e210522,0.06516825247750105
ck_e6c584b4b1ad6d9d,0.011883593268445663
ck_344b2e326a6c3dcc,0.08079942693856318
ck_9aa899a5230b0963,0.029922997800252385
ck_e48d14d5b70ef5aa,0.01151859784092316
ck_59d380a0973b3951,0.018692031676504618
ck_11318f7c041a5ba9,0.0110759348173612
ck_7061786fe2f22f5a,0.011328486809555012
ck_e77529651c416cf7,0.03457747566066888
ck_7f79878197340435,0.011654973015078693
ck_b0a0fb0ee9ebf106,0.019263953230787483
ck_70c7679199776a90,0.016366261122895433
ck_b9facd2210daca5c,0.08009930281684648
ck_9949f53c155b8dde,0.007471307358377824
ck_1c607e24f2c4397a,0.03290949102678333
ck_aefd1ce3ce093cbd,0.0336026791174992
ck_5a29b7018e43280c,0.009661304354596683
ck_69eb0b2ccfbe5f95,0.027822919366491717
ck_fe037765aa465c58,0.07010091022351463
ck_5e512ef5362a3dd6,0.012210616005490863
ck_544a9e80b7fdc279,0.010574288174028019
ck_7825494e654d5695,0.031832130545206325
ck_f1f2c3c623553f0d,0.009118750959004968
ck_52730906e5b461eb,0.8486067211827231
ck_01e0689157fe9617,0.037777531950691653
ck_9da82e567074da9d,0.005754579731460216
ck_6a17384072f904c0,0.006719671102603812
ck_8d84d771a21942a7,0.010569156528564699
ck_39638880292782a7,0.0443142125080611
ck_7d51c86e0eec72ac,0.009513758344676347
ck_45f4c821c70d134f,0.8032681461390719
ck_0af3c13ba56ce57c,0.01310365675296374
ck_0789a05e061b2784,0.1749125893378929
ck_6ba091eb42ffa9fb,0.4304212846518474
ck_265accb3c5c32620,0.1055785623360545
ck_179039559ff7566c,0.014454687232593268
ck_17c0a6a92b5765cf,0.008547056811003876
ck_59371c9140239fd7,0.012158627769778564
ck_f9c4f8b4ce2691f0,0.20977670281974942
ck_a2637e4872cf4811,0.09280683562985158
ck_1de43fd6c6c22a5f,0.05541868875972884
ck_6e4f31bd108571f0,0.00925850431375266
ck_da06d97db0b18851,0.010449535455746683
ck_e0346d5081e640e8,0.09144418196907994
ck_c1c7d4e62c9fcded,0.026707886241323156
ck_2595669e421299f6,0.03448477522179451
ck_3b6057d51fd4c7d6,0.06563811821944655
ck_c5f8ab515840a0fe,0.011441876607189507
ck_435cb24538c6f77c,0.018744230032756812
ck_d84b5403da4cea7b,0.02003055451437525
ck_c2b61a98d1c8f6dd,0.32018994089812786
ck_c9dcd92b2f836b61,0.1917990544296116
ck_9eb5b3f5f672c2b1,0.009967195082368046
ck_e4cf189a8d31649a,0.00926806260372913
ck_6b114f2a48152b96,0.021734512681996172
ck_3fb95862b70f505c,0.011696346844670911
ck_7f780f465c29398e,0.02222575807304523
ck_ee387f9da79e67ea,0.03273182030809207
ck_fa3b1e85d27af2ee,0.013023188041017314
ck_e739eaaa7a1822f2,0.04382244507374237
ck_dfa0ac11fcb1dabd,0.17308158459228598
ck_6e8751b571ea54d1,0.02232607790291853
ck_2d695f8358383092,0.029599233448144784
ck_e7dce27edb700f27,0.015905774745416663
ck_e322da8b213eab52,0.011959854033381834
ck_d0b32e039abb8200,0.0170962963667238
ck_b354003302b272ca,0.006462240906419944
ck_f7485cba392bc294,0.08765575890389467
ck_d6a290ff8362c7b9,0.024403019225881888
ck_c56a44fe315c0389,0.020788498473553865
ck_f77dfe6512eae322,0.02453762827529704
ck_35fe969c58b9e70b,0.011506586684690893
ck_4c518637db2322d5,0.07246193898931928
ck_cb61902798ecc4fd,0.01722336693615292
ck_56e6cfa32156a916,0.008024613090596183
ck_343e6ed2b9d35c01,0.02995977723024908
ck_51440f64f7250ad7,0.0740757806303358
ck_295bca29c34cfe2e,0.034949579566836156
ck_dd30558576b45e7b,0.036354955568618945
ck_3a30132a57181fe3,0.024054307189572268
ck_4a733aeb833406f4,0.01157787394385922
ck_1b0b7c3d35ab1259,0.01761160309819025
ck_962c3bbf27cd4b80,0.03971410471898893
ck_9528e1d6b1707870,0.01987264366576874
ck_b3263e7f31aab45f,0.019447523869726834
ck_e69195a3c885053d,0.03910330696412036
ck_a907fa8795cd4baf,0.015135362734585532
ck_205c3405045bd835,0.011153745867475631
ck_e81fc223bed3c46a,0.05476668964141196
ck_363751deae40edfb,0.08224304481272245
ck_6176baea8cbebbb6,0.15621903249980104
ck_633e6579f5c74a5c,0.57393269866792
ck_ddc11fc481eef58d,0.016165935393824563
ck_e975002c979e12c7,0.06005927977182279
ck_8e039b23acaaac00,0.021987207726961847
ck_1d6990d94a4d2ad6,0.01440524683645426
ck_e7b583acaa3171a2,0.050515787804339234
ck_c0133f60d39b2fb5,0.023052406828543887
ck_7d6bff85e7a694bc,0.02226022751604645
ck_d305b4d82f63f647,0.007713274891639581
ck_22bd0fc71f95e048,0.03623575604805894
ck_9a65fcfc7916f93f,0.014674819137500376
ck_d61c837b0106085a,0.012157445896368975
ck_be86a1db08dea456,0.022140494796234922
ck_90489c405e6886d8,0.025009063202371867
ck_0add2c321d579d75,0.013116643218580741
ck_482dea6eed92cbbc,0.051806061505988425
ck_c24b47184534cc2c,0.9866066936373161
ck_fa04ac31e596e7d6,0.006942308553066942
ck_084322dc5a3a86f0,0.006102897067725649
ck_ccb72a33cc1877b7,0.015390139619682077
ck_afaf374009d3b248,0.014969454879339157
ck_b53084ffede19a8e,0.02146169977209996
ck_4760216154c8cac2,0.1366835769006769
ck_37ad3a65db673e70,0.12860636969671022
ck_0c2932cc0d553694,0.008148816951330575
ck_86b853c52f20fef5,0.00827004719292075
ck_38703b7546d35a80,0.01184738001959224
ck_218b7e6e6dbd2da0,0.039803622733441985
ck_402db4184982fdf5,0.020654983179521122
ck_f917c82af80e4a79,0.03419028890796662
ck_3c6417a233c68c73,0.011314703727126422
ck_98068c397d70dd3a,0.08597213268190601
ck_b1cbd6679c0f8d95,0.009191010064372321
ck_9e962f9bb0e7bac2,0.11876203897413472
ck_b08247c3ad567d92,0.20784657743539345
ck_3ef7a03ebb81cfe3,0.011503342154297987
ck_5d7ae0e3562e99bf,0.02735896526663295
ck_c91a628236baf91b,0.03310912486277206
ck_7f8e816ca51755e3,0.44535036572713227
ck_5aadd286d188f5c3,0.007584981363994215
ck_a037aff5f8128c73,0.00820996040179436
ck_5df6529ce8290906,0.015397213678257613
ck_5f3609511443e5a8,0.09048283409446153
ck_a6f61864fac3c8fb,0.02016947864792002
ck_2733fc6ba23ae46e,0.11018819703797668
ck_22bfb9246646eb41,0.5489843943513953
ck_bfc2a57d8fd1610c,0.4520880100060164
ck_49839e761d0e74e9,0.008016881466005482
ck_aa4ba931dd37481d,0.06504317460067514
ck_2f9fa0d61829f815,0.014789482411153966
ck_5b82c774df10d49b,0.06281185476030599
ck_411219470d0a195c,0.027188770894192194
ck_d07485ba10514a2d,0.7552348767267925
ck_219bef979ee21bdf,0.010759349029295087
ck_eb1006e7285184a6,0.014737165350969094
ck_fd242b18575e3063,0.028489705395798304
ck_95188150ff059c70,0.0157581917779487
ck_a9ca2f447b984a6a,0.012671099695031747
ck_2dd39723c4088b64,0.014914508218688408
ck_aa2b4c662ff213b6,0.03689147557574544
ck_1867b1199c864db5,0.02824004049682295
ck_850ec97a5a0dab9a,0.17282533596269517
ck_562320295fa35875,0.016632247307765108
ck_bab5759b07fe2bea,0.013369855809004051
ck_b9f1465d803e57b2,0.0814081038381013
ck_8f21f2690c32c691,0.012371330019612256
ck_df87d6f61a63eb21,0.055720320351372615
ck_770475876d0e7e6a,0.01003386910151932
ck_b4c014d5c0cc9eb2,0.0066765683141427465
ck_3add4d23124c9290,0.02322344985072977
ck_bce5b7fecfb6264d,0.02473434651505997
ck_604c17cb97dc89be,0.01700144895524179
ck_e52cbcd9aafd26b2,0.013599033837790875
ck_0ac9114076f5bf3d,0.017008782080793924
ck_dcc125b178b79566,0.019774524058839373
ck_4e333c09f0c37dee,0.06659334015680086
ck_ff7e31ff8ba731e5,0.009006081519049473
ck_8d0532d24f1070d1,0.011591138008137051
ck_3689fa41748a6f6b,0.06338854790571444
ck_7509eb97c1948b16,0.016582440465434948
ck_a9161cf1ca22a6bf,0.013641540655327373
ck_bed3e3db135b782e,0.10693809875327247
ck_9040edd974ef8e3f,0.6012337171311412
ck_fac32d76ed40f683,0.019809068999307223
ck_3d7b1078e2d57c69,0.008924242051884206
ck_dae09c4e074af5dd,0.2073627035948374
ck_fd84507228467b40,0.1358580759008491
ck_e2a2ce9b8cf44c63,0.008457381944076895
ck_cbe716f351d660d4,0.006880225496185201
ck_cba4162ef29a6d27,0.027283497193272194
ck_4f1e962ff8a29732,0.008669859653195295
ck_39a81899dded61e4,0.0126229595338796
ck_25382331551d22a5,0.025322047651892592
ck_6d64e1c07b19856e,0.005939499058821499
ck_165a868bdef28ad3,0.018781402450219576
ck_88774ae52e30e877,0.016246298584701446
ck_fc7a9d0643570053,0.008997869126834408
ck_c2017120b3b88a46,0.029768150186532765
ck_d115ac6b9fd62a7e,0.006942530657372277
ck_439cf7d51ec7de0f,0.014385783251491093
ck_2468a7e9e68a0927,0.02172488374656353
ck_7c418947124dee8f,0.03469872694490499
ck_fb0cf32c4a56f740,0.09696320066864118
ck_694eb6c43193afd4,0.023457338291629794
ck_993beb188dd4abb6,0.06196859966447813
ck_77fa39d3b733c226,0.042871402291267346
ck_49969a9abc47cb69,0.009898281139009198
ck_d3f44bbe2f7e9b2d,0.04734892056471304
ck_fcf5b8216d0c18ef,0.007098447278481475
ck_daefe1e2d2bc362d,0.0332435754585578
ck_9c9287cb28950eb6,0.03928169824346901
ck_c1d1a625b885a975,0.008581781458144474
ck_71b37fe47490b4ba,0.018933819010013158
ck_5d16e257c0635f7e,0.23110338744690648
ck_15918075563eb074,0.011422798019589028
ck_9a15fdefc47e8d11,0.026226458799631053
ck_6f04d047d1dde75e,0.007495573790754465
ck_1af2c0b3b8d202c1,0.03453109036812856
ck_174be2231c5fd2b6,0.011478525127130181
ck_bb0713a2a1d65982,0.019595734049132882
ck_0daec63bd5b0729d,0.020511868715203295
ck_c0b5cc3e8ad2ff44,0.050286868194775444
ck_35bee1fc12664644,0.14612437567336556
ck_a1c7cf63467df4c2,0.012479541145139767
ck_ecb1e15f0b185ceb,0.02229521301480957
ck_f280d31f54a4710a,0.11146846277889817
ck_30f4b2ee8abe1342,0.16605219734099677
ck_66bed631354de5b7,0.008130657315986905
ck_c2d3ecd7278eba2c,0.03545548186052386
ck_e901dec0e09eccbb,0.013790599230087935
ck_5d038ecb3c8748a3,0.013785525042739362
ck_283c5bea94b21e80,0.008385109015301524
ck_7956c251b85f009e,0.6472965113917964
ck_9f5f81d771146aa1,0.013255598902549822
ck_9323e6fc1e168eda,0.1444210689104919
ck_10495d3a635b8d69,0.017243990415617496
ck_1982d571cd36eb0c,0.010488839893385088
ck_4f5d7985bcc2eda4,0.008353492322221774
ck_7df526b2b4410bb4,0.01666485497544999
ck_dbb498b1a346a402,0.005869854451432083
ck_ef059997563e3330,0.02880026425709051
ck_02ec4e06709e6b82,0.07164028419906766
ck_9782c86ba6485f88,0.04799718611224742
ck_d69de468b44143ca,0.008322330182778144
ck_6430a8792f400e0a,0.018689156330944593
ck_8285bd3c90af94f6,0.0671263469989356
ck_985c9ca112000e9a,0.020196639211180475
ck_e679fbf4f4f4aa07,0.02428763233739847
ck_016e8c8eaf9d511b,0.08287650919542494
ck_bc996c523944644b,0.010625439044587631
ck_5b8315726f6204e0,0.01356200455356342
ck_78181f8e998e442f,0.0267925693761667
ck_71c68dfd011dbbbe,0.5596111171281469
ck_db32c95ce2b6f502,0.35799217560671204
ck_755010362a9b1bc4,0.010791754233353875
ck_114141d85256c9ff,0.019001315279460463
ck_9d1a5cf5a3b87e48,0.019175891055431
ck_ab640420858ab5c4,0.10186281623736408
ck_97a8dac48dd62488,0.08854324118635988
ck_879cc3166fe1bada,0.03710751663357626
ck_b0ed11080076e381,0.014639920020016938
ck_7334a9ec656263b2,0.052205647431597606
ck_6494f0ef13ce44d9,0.0068135636744528294
ck_724e459b9ece38f4,0.03301079798852767
ck_7fd8b1470401695f,0.4555984767672439
ck_292f81186358b0fa,0.017029106368818037
ck_fa7de64d37287615,0.0528031176878389
ck_d00e09e66ed6458b,0.06561774787774406
ck_b8d210e741be186e,0.007372956876010617
ck_3db59982cbae4410,0.31391689658906835
ck_69887d0a9aaca6df,0.013105303178612193
ck_4feb21e2fb0b3977,0.004930131277463337
ck_08c6cc1e143475e3,0.025226520745956195
ck_fe6e168cdbb46b9a,0.03548952921572763
ck_07f1734be7fac56a,0.014971350143051402
ck_d66d59981307db93,0.0753309909803381
ck_f928dba0d587d7c1,0.02158048616132733
ck_786448fe3004cbd0,0.008629268301073172
ck_29ea329fa40ace62,0.011531459138058796
ck_7ea52b6f27edcb73,0.023267234245026257
ck_18bc51bbf3ef198e,0.022767247943055582
ck_44950df09ff14ded,0.010368992714019842
ck_c1466b52c0a10b93,0.16977996884408494
ck_6cdac067cc4db5c5,0.021019170506495582
ck_53f55c6e8cf2d432,0.013508466469646532
ck_95945f48453ca532,0.04064460985275079
ck_87cce4126e215153,0.009593332041237737
ck_1ecd5516c92caa4f,0.006832868092581097
ck_819b482bca14c068,0.11289718528651145
ck_a61a879dd46fc9f2,0.03185952905109016
ck_af70aa32c009c3c9,0.03858988774146614
ck_f4fe78e249092ab1,0.01665988951165535
ck_12c46bc52bf45b36,0.02344227388401531
ck_f05f5e4b40afa52f,0.014431059025002845
ck_0f8cb09d3f4fc980,0.022164786569782918
ck_80a64a7f0275a71d,0.052684381913694386
ck_683af7b1540a0b22,0.023802750416982904
ck_51fe0b613c076cbe,0.16118581277571817
ck_da1a2450219dcf19,0.04961532796453891
ck_2a7eba01ceba6c2c,0.02018292335511457
ck_4e329e29dfa743ea,0.4497078368535329
ck_0274d881d6db82c8,0.01225095202956067
ck_0af5b7d128035b35,0.011848300410449104
ck_ae0a7be6b0a0ea68,0.027121682304778502
ck_de5bb7a4d091386d,0.1498602382597959
ck_2bb7c17168a9d17d,0.09964400694989144
ck_0ffdff7b2f5fdfe4,0.01262208278182934
ck_718a8390b3d42d7d,0.01688202111554868
ck_7c4f12d70f184533,0.01812031634787814
ck_d3e2c26b8adff099,0.013644431881598302
ck_ac9d3d9754104cf0,0.02035317474706554
ck_3b1766a1d51f8f0e,0.0813005063080859
ck_a9bf75bea912027b,0.014046765614165986
ck_687eab3ffe1f8cfa,0.01427689969364573
ck_25dd0b02af5b2f37,0.05845677914593496
ck_1747fcc466f0ae38,0.020807061774310118
ck_f6e9d14dfb6f3c28,0.012905205722173449
ck_c6a7bbd0adc4d5f3,0.029972917945926044
ck_46656a23f4456d22,0.5630539122920819
ck_7519260415c2998e,0.010156149051681393
ck_754f30ea19df857c,0.026577371384539843
ck_ba88a244d5f7380f,0.019823853959621537
ck_f268416945316815,0.013365801863360439
ck_21860dd2159dff28,0.01689011798967018
ck_7a86ef4e2beaec38,0.014213625022460244
ck_0414507baeea936a,0.014511003282886424
ck_60796eb60fc3043e,0.021546651869966946
ck_1e0841ed17fe0562,0.01127572838408719
ck_0d641d32658d6e0f,0.015992814660359064
ck_b36086ae6d87eec1,0.07591865287911015
ck_962e65ab33b5c311,0.802252819577252
ck_b046a42684468e63,0.014390332733204407
ck_ab3426435b0017d6,0.07033383730990782
ck_fcfe06e44d09a344,0.02537441506060083
ck_0f6d916c92189516,0.0635290681739352
ck_d4c8f0d957c3965d,0.044930888442523964
ck_2ca83dbd728af019,0.014104314290351118
ck_2857a4ce9f72fbfa,0.05393824280638948
ck_a60e6edc48e3d0ac,0.27471558280588165
ck_0cbd3b27063d4415,0.07173549306698222
ck_612089ec90c37219,0.023056822955564948
ck_ec4e597f17f473c6,0.014612509496477804
ck_1c93cc58f314bf71,0.009231101612929638
ck_2b359a979520276e,0.054042456474366694
ck_1496568ddc3b2d56,0.043472354527800725
ck_41d91dc9f5063566,0.03040642549192632
ck_4c5ff58afe3d7a67,0.007912106568533665
ck_81709736281fa3eb,0.025867543323104526
ck_d89abbab3d4957aa,0.010947082841114031
ck_52453401f88935da,0.008044233962494176
ck_a477654d34783e06,0.044371902352035086
ck_72dd0dbdf808cb00,0.03948613097598185
ck_c183dff3781746cb,0.019748378965518957
ck_c8b7f241810b45e5,0.02094382378785213
ck_f88028c3f306bc70,0.019383413364929387
ck_91d48d69e4f5d9c2,0.009295720300155847
ck_b74b9ba6d7c9aab7,0.02263263664381122
ck_03e904682dc73bba,0.022250817924602734
ck_fc6fed6ea96a004a,0.009548332623942562
ck_51efdd240e34c642,0.04565748685752007
ck_e78ab4ff52b5fd2d,0.018247225601448494
ck_4af7b97c24d89a45,0.009602659266700517
ck_295c0072eca7f7a2,0.00980863373593967
ck_8abd1a50a9227463,0.21844166869656226
ck_ecaa6f13304e3dc5,0.015647681168533743
ck_de436e7b319be1fa,0.993652335988835
ck_c802cf8f61466027,0.0102996992424409
ck_3d83e0a3c1cfbf8b,0.015626950946942296
ck_28d2003c2d16e4b6,0.09476925918603574
ck_8ddaf745bbb9cd62,0.008608667178294395
ck_493b6256091014cd,0.05806182256737374
ck_a2245822cfea997d,0.019762137017664265
ck_f7305b3c64cf8a03,0.029529665104364597
ck_9937dad93a0ed3c1,0.03348930013846811
ck_d654449f9231ad76,0.006948503429505855
ck_850e2b59bc535490,0.044200250844424215
ck_e55e5bdfc0242aef,0.06732013497026995
ck_d35c51e981b98c5c,0.013551522445887887
ck_27cdf9c5e6f0915b,0.01623166449855631
ck_d328db1e1052d820,0.011959370701395433
ck_0ea30eff5f361cba,0.04244181807962132
ck_9994323f97109f4b,0.9912750033698627
ck_09054e97bdf9624e,0.012188697193084692
ck_723b4afc388113c8,0.006926275282172407
ck_588f6e6a6a6d93e8,0.013005357146760979
ck_e1d563fab4d6116a,0.2496837792136652
ck_53aca610e20598bc,0.02426767585607616
ck_c8131ddc7ed33448,0.015625910102145604
ck_899f88464305824a,0.033268100054115096
ck_1c17c65804f8889e,0.028324097920497206
ck_45a16ce12893cf9b,0.015360075656829043
ck_f9d481aa4f9b2808,0.884573482998388
ck_1d5d74169cf892ef,0.0178037555078634
ck_aba32acb61c1aaca,0.027661986917915053
ck_ec4dd3675a8d28cc,0.006716256435325365
ck_5dcd443fe0bbdeac,0.005834280308522527
ck_3a47e3f54475e854,0.009489784011309841
ck_a9aa5c344c315532,0.027006003575452155
ck_9652283c9f61fcec,0.014485461556883954
ck_752dd3d2487f78ea,0.009719611086019037
ck_a821980ac4db9943,0.7320551122876653
ck_93e0d6befb67f7a1,0.016443013625973033
ck_e7a3881c3e36bd51,0.029655667673123023
ck_12631b78f8a03df2,0.018033093426092696
ck_57b8226610b48854,0.23079651549328542
ck_352657008983fd4b,0.061668688941910625
ck_0841a5c24fd3dd28,0.06392836428313801
ck_db9b9d5d30f74070,0.08211125859218125
ck_a9dded7f6294e44f,0.0408643759578623
ck_91a16336ce3217dc,0.009936391047953302
ck_371bd9388b287677,0.007936290083401512
ck_f285e5e1912a7c62,0.015903193608591014
ck_368b65fca69fc415,0.028722418383110716
ck_d27a73596b6500c2,0.016104006354954712
ck_2d963f9b2c4d11e1,0.02021505999441834
ck_7c500e219af39486,0.03772194359185268
ck_7d025dea5951cba7,0.01140426771526044
ck_32f632706608859e,0.012241448344718358
ck_53816231f3ffb48d,0.022981528228011375
ck_9dbe184e81c1ca8d,0.06239147661964173
ck_d74123617f22a21e,0.06322292392921643
ck_275386782b1606f8,0.026718423819268554
ck_0b0e79d33e50cba5,0.049474402959302693
ck_ba93cb604f792915,0.05693466820835882
ck_a86cd653472eccbc,0.014410876419409004
ck_87771861e0447210,0.09032184305663502
ck_212380e0371d8a6d,0.026004369260053027
ck_ef0d702d7b0ed745,0.05250527852363936
ck_2b8f33e22f939372,0.06873852739213386
ck_480347ad92037105,0.011013616389983343
ck_20124c3a16c53ce4,0.01234640806876374
ck_c9e1e3229baae708,0.019849153034326272
ck_b1befe967f7a5ebf,0.035188274573421705
ck_4672167d7c989bbf,0.03289471536440475
ck_f0c44ee5e3a42e3d,0.03145646815531553
ck_c416357d20238a4e,0.04605270594341459
ck_d0f470f8078c91df,0.01411725886055164
ck_3a70b4ee59084715,0.02523990020615401
ck_179ed66cdfc1ce27,0.018824352680984428
ck_387e5a7f163c7837,0.07154856625048582
ck_08fb463e69f647c8,0.9853490996931876
ck_732f725747393ec8,0.03526755515598478
ck_7cc5e0fa3ca5a713,0.010352630780750173
ck_ad4a4daa826ac68b,0.7002455960064125
ck_472e0be7a3b533bb,0.01750748886409144
ck_7190177963eafdd9,0.024823016337532564
ck_647ac26c5900f082,0.0174040054187086
ck_272ae2179bbd8e58,0.0062345454300669996
ck_09b0d8af304646bd,0.012229427963630956
ck_ca0cc8ea9f344408,0.017300322713347374
ck_332ad134fb909869,0.016457093007146206
ck_fca2798914627dc8,0.05072936151079174
ck_4450b55f462ae134,0.007738151836828112
ck_d67d9dfb60b286b9,0.020499039192414917
ck_a9d2bb4f2bde7052,0.00903236325432223
ck_929bcae878a3ecb3,0.051118735636820324
ck_59a9e000fa275e1f,0.01275358723424147
ck_57f17254e2688637,0.04783069593809674
ck_0508908697f60ce3,0.046991891363461165
ck_946afc2943298d26,0.007159527316431288
ck_7176d12b18f2cc0e,0.014856897658470617
ck_5c47b49c26cce286,0.032866977628420634
ck_b6a2bdb2d335e1d0,0.9881688550697488
ck_1d58f6caaa4d012c,0.05596341343262355
ck_71c917295020ccc7,0.06593630319910619
ck_bc89644ae3688995,0.017004804547792053
ck_e7c212f16d6df272,0.02010783327595574
ck_c6d2e11a368184e6,0.007318106826552826
ck_eed7f1f7548df15b,0.0509622378956332
ck_75b69034000ca7bb,0.051054357574971176
ck_38da3bf629458682,0.053342486038121154
ck_90114c891239d821,0.02762550791869043
ck_8ee08f6777cc155b,0.031200126172923403
ck_bd86132499defcd0,0.022880449557220284
ck_b95fbf2b5640aa82,0.013803507164728975
ck_c530235393360e3b,0.02045590219228827
ck_be52a7ec43241ba4,0.04675091948999565
ck_d96eb3cc55f2772f,0.013191243528119607
ck_dd34f0a844fb115d,0.15033708654953404
ck_17cc7b411f448e66,0.02555028528594613
ck_856ea65fa27d06dd,0.058725974996522295
ck_056d5f0301c30902,0.09824921997897494
ck_e662b14b2bab23a2,0.1280431304519595
ck_209f574c8d92274e,0.0474534436239613
ck_62720b81617896cc,0.03966627959560013
ck_041614694b77e599,0.015266794706583027
ck_461e3f7b97db8d16,0.015106931392903146
ck_1b74b798eebeabdc,0.01750802712035366
ck_0ed2739384f1d644,0.14929626092548942
ck_5a4d19f1b83feeb8,0.01020570482717933
ck_463937167965a1f8,0.012993173205337619
ck_9d7151dbdf100e0e,0.025523437474111524
ck_20a7d1ce6cc27312,0.01151714930863342
ck_6031211ff118cf0f,0.007548813027331943
ck_a6fc92aa91e99b77,0.19191122222740936
ck_0aaaa9d2f75a0518,0.06941291874043733
ck_ec26e327cc1848b2,0.02365379318354116
ck_0e6bebf8ae9b9b03,0.012033688626603107
ck_e107537a4cb738f4,0.013837734378028892
ck_e8ea56e122a5a487,0.05550346049020757
ck_98149ed45d38c4d3,0.045500867615928246
ck_0e719b3a6906b8f1,0.010875782200436425
ck_0c6e7bd357e4a348,0.035770286237267884
ck_d3b2b250da61db19,0.9484967940658562
ck_8bb6b0a292754576,0.0278613236894654
ck_87d70f5fe48a6128,0.08371165452345529
ck_ea9edf9c107d429f,0.04376254031951695
ck_059806c52cebe4f1,0.10206649895156941
ck_a72d6df666e1c21c,0.030742327596875278
ck_1d2b80ab6c4944b9,0.038582760484893217
ck_60557f077abc42ca,0.29661709629283606
ck_e5f5cb7dd6ce4a37,0.13435241942228102
ck_4c4a939154446053,0.012544388016968134
ck_50ede3eb561a202c,0.009491779531315967
ck_6d03a542922b2ae8,0.011090140303272872
ck_d6fe761ed0db3270,0.016697595226125673
ck_7f0cd6ea3096f985,0.020846675365566354
ck_23edb6d938a3b87b,0.02308093664622958
ck_799aaf9f2b9ef621,0.011686023795522207
ck_f8f6a03613b6dda8,0.024114540245518828
ck_7cffb189f4f514ec,0.7645479114374725
ck_c081e1967dcd811f,0.028081878267137365
ck_583d6ca78c97d91e,0.19437620482861487
ck_9332bbc7125219a7,0.007026640826728113
ck_956b5af6d7d86c65,0.4706275831856288
ck_2d634e3f24681c0f,0.08748824833821774
ck_7b35d218ed0c5a60,0.018266179536402864
ck_ca5b1057f8248f73,0.04010523140849439
ck_ec5ea81cf813597c,0.012155749773588364
ck_eaebaf4d28400fb8,0.016829329364507168
ck_ae2ab6be219219aa,0.017145195762506633
ck_d99a8b4c820eb46b,0.035643104142515016
ck_bcfb7ffb7cd428bd,0.01890642664691825
ck_3dd542c2d31be2c0,0.01157666222099823
ck_c7dd84401e29a7fc,0.05521688382659324
ck_c4bcc7cefd40f8e2,0.02110694633765599
ck_c251898b5d51e3b0,0.01802800579440233
ck_36d37be780c1291c,0.023394903739751782
ck_99b4f266b61ae7ee,0.01147574264303341
ck_c37f03995f0f0169,0.025049159531911707
ck_65a23ac8e44eb901,0.024599141133230973
ck_644b1c1149eea9e0,0.012494164718942474
ck_9cf44eb0237c2429,0.04622506109203105
ck_20541686a94fb71c,0.016981493111221956
ck_c18245be844680f3,0.12425596425656707
ck_56de216eda6b7fa6,0.007822272725117594
ck_406c4442dee45cd1,0.04073868267895647
ck_df1585c7d72a96e0,0.02391516640331176
ck_b8e8dba20676d87b,0.05401669326635827
ck_0ee6965e68efc177,0.020459289758361192
ck_c2a5c54ad8d0d297,0.008048619148248323
ck_bf6fb7e6470e95cb,0.014383354372622205
ck_27fa694569140345,0.008984829400094232
ck_e04166b0ce66393a,0.027203458334470736
ck_8742114f4f0cb22c,0.16060125477155876
ck_6eceeafd56b42576,0.07143195080313458
ck_34f9951b0eca1965,0.04907353966971085
ck_384ccecd342a24ad,0.04822712617337875
ck_49c98bebd1338879,0.01197776907759244
ck_6c26c12071c91ff6,0.043407717291132325
ck_01e5986ebb9a78f1,0.013365801863360439
ck_121db7ba3be29ee8,0.051626254326625064
ck_039e6d5a330cea1a,0.7184058862155955
ck_ae8c9163cf957d7e,0.017286490279540333
ck_3f5e8f3f1df0c8c7,0.07014404702179206
ck_b1c51fdafcd80122,0.015623638078624984
ck_12e2b5ebfe8986b2,0.005806647556635791
ck_d55eb81a4d543c59,0.0268711479634193
ck_f85155ca5c312c7b,0.035175965163650826
ck_133d8a1ac7c0e301,0.9398882767458054
ck_04212a9bb9b28696,0.9960814720651382
ck_4cc11c7d3ca61f73,0.01731220278200401
ck_2df4854186ec515b,0.020446780979338983
ck_aa9b28e7fc43af79,0.09804340577365823
ck_47cad6c3def4c9e4,0.011926509986008221
ck_fbff7b5da8111567,0.010688070106128121
ck_bd25ea782e375b22,0.042679058293189014
ck_7989376f8cf64a9d,0.010028320959199016
ck_675c0ca1ebb1051c,0.012015578998810212
ck_1436f6e11d4008f9,0.027056579450723657
ck_812cb3a4482cc618,0.034487431447507176
ck_6e606f73a1094afd,0.014399932014023238
ck_1b708e2a4a0584dd,0.011334080774259623
ck_a60d6b324bae0330,0.018421888243409575
ck_706a4f673a9fda3b,0.32974948820383865
ck_a75ece9a9044eed0,0.004589375413033301
ck_9aa45c4e03c8c57a,0.058078290587250885
ck_9fe9bdce982b312c,0.32827933230980877
ck_c6fbdc5ba68a8466,0.021721172241767443
ck_ed0cc1b1c28f9511,0.020012492375895318
ck_a4e2607b4c8021e8,0.01646828046491587
ck_e02f93f51cc8caf3,0.008372829972850823
ck_7084ed3cf20781b7,0.03811393869456924
ck_cd4c63155570d6ea,0.008580569913241005
ck_d1b9e5d32d2d789f,0.06004486036841293
ck_68f56f6560a7a933,0.009662157065394986
ck_8bedacc6233c6269,0.01563598850577085
ck_ab7cb50407d6b13e,0.012588626146001343
ck_f17ed7e0fd687742,0.05495879789715327
ck_b0fe4b92fc70f72c,0.011071480921940772
ck_84d62b8196da2452,0.015764561932673147
ck_9e298cae167f4693,0.08494549005093753
ck_405b20ef9ad0ba5f,0.2740709286683378
ck_813e02e1ababd177,0.037742783575622225
ck_f234ab47061ba7c0,0.018834829886378017
ck_22b587c18363899a,0.013998091465293535
ck_4e862c2f48c38aeb,0.02230868735590595
ck_b89cb90a420c9075,0.020435515318196363
ck_be2251640f27a3c9,0.032975575019303704
ck_46bec0bff167ed3f,0.030215403118486993
ck_c0032232c2868328,0.010214230090022246
ck_030cf09525dba4ba,0.034132987473452406
ck_6ecf56236789fc09,0.8996384923737974
ck_38d4ed52cbe6d123,0.020722885103937973
ck_2d923d957ffd4d53,0.049454955407439945
ck_3af1eb88728ed8c7,0.019844432267832092
ck_2f8120ca80a1592c,0.025120803817578943
ck_6cabb1a133f0b151,0.013860556865800868
ck_bb6cf7e7b707731d,0.5862502034124083
ck_c8307fecafa90140,0.03065561276282856
ck_75f968be67f46d24,0.013735041337019504
ck_df6fe4ec5a233213,0.03443932368372295
ck_b53e88c0e927d896,0.016549755225303418
ck_f0093064aa28f4d0,0.019374430874727806
ck_ec9976cabc63ff92,0.057125515441075594
ck_30dac0a58c5590cb,0.16635092615118327
ck_348a525791ae6475,0.023647927628350877
ck_b898d912d1181ef9,0.011250594803049326
ck_f5b1200dc6f95760,0.012997661611358704
ck_54978a073e7a0b1a,0.017214288584843803
ck_55933936536a4071,0.02841461413369568
ck_d6ba7ffd2ae08863,0.018129417829698385
ck_404e2217fd87fdd2,0.028578438600911398
ck_dfaafdaefa5716b6,0.05131341182380617
ck_556c62e92d4e7e5b,0.10367638038154964
ck_7ce44f4e06d58111,0.08777863538049446
ck_465cb8ce232c7670,0.08171332141092477
ck_237508ca4fb37268,0.06655104247638514
ck_ba4a6b9aa63964ef,0.01608875416573944
ck_4802a0a7a1882c88,0.04262504424851692
ck_9478dfe4114c30f6,0.011860470260247823
ck_5138f6c575dec64c,0.01806787925814875
ck_aebb42afe430e2e9,0.008300972180496859
ck_004efa95555437e9,0.025030407323946718
ck_11af112667c98394,0.007977273021401476
ck_44e9a18a8645c9d3,0.02248563353359003
ck_2605fd571219e28d,0.008243642631217312
ck_dfc933493561d84f,0.01602687990908327
ck_67674348e68d1f25,0.07195580291374636
ck_dd97429277a2fa00,0.049036373051606394
ck_d3eab7a06eb48348,0.030821465967982038
ck_0b9fcff9667ec05a,0.03404908854366542
ck_fc4bfd6e739bddea,0.026190924921879473
ck_43292f70a03ddf2b,0.16399906218330643
ck_5ff6108056a3fef5,0.04084688264054075
ck_767e0be086b5f601,0.015013183118168572
ck_b8465b1a5666155b,0.07602838155203182
ck_ab2e3fc56f5b3aae,0.04041926904219437
ck_1833c81d693c1e07,0.866605981572614
ck_0308e0602b856445,0.009716016860693026
ck_ccbdfe744acff8bb,0.01650524041279749
ck_b294aa27a0b586d7,0.00693940465920165
ck_a3747201f377626d,0.9430716614004092
ck_edde1d7d1db24725,0.013893719726142898
ck_ae3b47d6e1063704,0.012102205212618821
ck_3aabf5e0f4defb41,0.011608614127049385
ck_f034adb57391f3d7,0.13468185810078376
ck_533672fb40531607,0.07947128741603524
ck_2a244f1ae08ef83c,0.05878961502309778
ck_a35d81bcc54ece2f,0.035626454509092534
ck_78a61215675b38f0,0.020836891078345778
ck_e013d88ea7939616,0.011761550847315196
ck_e5018f9418e0102e,0.022186707824427884
ck_d4e024fcda401a31,0.017512050625493644
ck_f736cffbdb82db34,0.010098888131851185
ck_1507f5aa50cdf3a0,0.01419934148711172
ck_18270fee7c8fcee8,0.00529597377060292
ck_95ffa1a805a1c9d1,0.026444870055507445
ck_11132d245b94d045,0.051443749017640004
ck_7b93a622e40d8b14,0.013401576391948267
ck_3854c08d17704347,0.018320110270922157
ck_7717fcb100dc4b5f,0.018321411872133875
ck_ba54e0a1c328119b,0.5445624010192632
ck_a7afdac4ecbf2de4,0.04509364388759673
ck_ecfb771ed2352085,0.015217469719942
ck_68be4fefc85a6b64,0.3109265065212012
ck_dac7c50bd6d0148f,0.014611424922337808
ck_87cf36a03bd63c24,0.05770011489698233
ck_8adb40b168b59d7c,0.024425886092089056
ck_8d2f62930777416b,0.03921010162506459
ck_9958b58da9e3c21c,0.027315094342326107
ck_9440335375701f44,0.014612233427257393
ck_e2f88e202b6f700a,0.02218787422319144
ck_4c7c50684827a2cf,0.09571667868261696
ck_8a6ea4a79b1c7a8e,0.013331711353466887
ck_186dbff4b24a3bbf,0.3455253209104291
ck_220fda3c11c59b6c,0.16801053636292282
ck_3acccc69f8b1fd14,0.02485719849513366
ck_9de191bf79afd676,0.0189653384825042
ck_6de6b1663f9457f4,0.017003456879682646
ck_062754f8b79b86e5,0.013519645681291641
ck_aa153a89a52f7eb5,0.013116643218580741
ck_34a6bd3be642f15c,0.019602884977376403
ck_9371c700d9830326,0.0284490563588949
ck_a99e0c258ad7576b,0.015435531680140788
ck_0a7ba51d626e932a,0.03498442547970418
ck_852c50bbba1ead13,0.3513424942953519
ck_43dc13b6b6d31297,0.02398277766908585
ck_7d81b59d615a6649,0.0274219507838946
ck_39a3f1da060e88bf,0.012880181762858468
ck_6fb2d142c09ed3ed,0.041461856272445884
ck_6e5752b87324b58c,0.06604725609951753
ck_9441d48a12e8a4bf,0.05813524693192208
ck_09e9c51eb538b255,0.20448322509680758
ck_8d0cd981ed3a183a,0.06706555063301003
ck_57c07c45269ca8c0,0.011350951407898597
ck_ccfc9ab888ba933d,0.07431333124683955
ck_9658a6ef471053f0,0.10409755028034015
ck_dac3852758f4ea89,0.02366235946151319
ck_b1ed2278f5f14d82,0.04793677224161308
ck_333544d173524f70,0.031955234279819424
ck_fd4582e3853ef23f,0.013693223932739541
ck_614d936cef98db04,0.0223507622643814
ck_6bc351a3d57aac54,0.05056452823778102
ck_af5842fa7202ff25,0.00944002414102669
ck_81307759252571be,0.014672329116068812
ck_b4d2f02d2cd45720,0.09522332116740968
ck_1bd753a4681946c8,0.765994542125085
ck_46d8c029d46867b2,0.019754085036567923
ck_b7da6640fa2f49cf,0.08908850785106677
ck_9ea3d5a5a91fef9f,0.2613809945785889
ck_7b922518f667f76a,0.01217328181667444
ck_2a5b31594206eb30,0.1747606134837903
ck_d9506476ad3f9e08,0.03353359072786282
ck_c8791f7ebd4d93c7,0.024105517854005627
ck_b5a3e20fd210017d,0.014077301263246255
ck_8e54386f4fe22cad,0.007836135095068692
ck_75296704f5806f56,0.02764552041531132
ck_0fbbc7a6af300368,0.09508160385030028
ck_d19bf4dc0627113d,0.06989731967215504
ck_7951bd4eb99a0175,0.020907909859186787
ck_059e4fac6b7f704e,0.012422172001384511
ck_2ce8931af02a2ce3,0.015299075625277582
ck_9e665618a4860306,0.06549400036869645
ck_6fce5a893613fd2c,0.016758865055202823
ck_9e3fbd04e3532f32,0.33199444448233445
ck_55f2ef0de3420e3e,0.02236040081763543
ck_8d87658a6f5d204c,0.5724639573824538
ck_6d6ac1f5dd882aa5,0.013532112769389067
ck_55d0c7012d7ef236,0.04145809152138104
ck_7738eb085e5753d6,0.028867481349261957
ck_0e6e05c3cc8c8242,0.016850005287026768
ck_8d27ff8383d48132,0.015760521443149097
ck_9afc3bb849f3a64d,0.013939120731948992
ck_27eb86a9898cdfe3,0.027346643269212018
ck_1d40e4fc541abe93,0.25769852323876186
ck_4fd9dc00e1913587,0.9598601044655771
ck_b26cdb2b7b165d2e,0.16634916436759514
ck_a79a27767a02e31f,0.029526832943023197
ck_f0c18cb9f951a71e,0.03226870202627912
ck_50460e0189de6274,0.9451883626776202
ck_5e5280539257c986,0.012326522876015517
ck_eeb854318b3a6f0a,0.018063720598420444
ck_943f66f28dd24750,0.08334203480015412
ck_984dd7452aee372d,0.016112479067918573
ck_ecaa6de0aca5e9a0,0.09497518655501128
ck_8f1cbc432e2774f8,0.04835199111462015
ck_d91d9f8445b9769a,0.19469895579654078
ck_73c18e03e3c7612e,0.08903026278779408
ck_aded05ada490da20,0.019321695526643628
ck_f744e208183971f8,0.027034849640190685
ck_02d4cef6358ad3b7,0.021982112548478684
ck_08ff5bd467226a5f,0.009480341713070186
ck_f824b326d5089885,0.4446301516480087
ck_3420f2fd520890f3,0.019077557825331777
ck_1838cf8d00f5b1e1,0.015964517873225077
ck_a85182ad90b6f1e1,0.008948483676078962
ck_fecb39c82c43e76d,0.18285544256149738
ck_162513e73782929f,0.02948312497527718
ck_2c27b77c59d8f23b,0.02719393637157609
ck_4221e07b17388fd3,0.09249046311111989
ck_adfb8472d5c3d669,0.011483402971948335
ck_0742fe64055d686f,0.01965708221669164
ck_5060aefcc8b6f958,0.016876455951683907
ck_643f549b4ac78a26,0.23979348385706287
ck_dba767885bd6ad69,0.04299220216521673
ck_0dda35c0c64c7073,0.9637502929996448
ck_38ea56d43afa5660,0.02223729743758903
ck_d813e15ac91f487c,0.041625341385739506
ck_4c840e5585a7b167,0.13304031091547433
ck_cb8551453a7bb929,0.021521352495780615
ck_05a00b1dd5a03359,0.007655219923238481
ck_837cc7fd48453a01,0.00845064434845504
ck_49dd816b31fba6b6,0.21757155834181177
ck_86a61d9a39768e87,0.02582830495094438
ck_cd0e76f0e7bb38cc,0.025453513394991842
ck_dbe58392635133ca,0.026455447979151902
ck_3caec7dd6f8d02c9,0.12276176965515094
ck_bfd9bfc5b6ab4a54,0.16769177884712416
ck_2103399bdb2898a6,0.011373524960243186
ck_329f7de7279e74c5,0.006353173248186975
ck_9bf0d28119fc42c8,0.12611246636142195
ck_f781539b1042dc83,0.01304741867537075
ck_9986c7d781ac6b4e,0.013970717630541482
ck_a627734880aca848,0.008613056980332505
ck_2106e509d77fdb4a,0.19993938932982933
ck_420d1a9c604293ce,0.01323227716872629
ck_fce0610c527e2b56,0.021927559977359772
ck_073da541ec3f9d3d,0.20892955129521357
ck_aa5f3ab48c17fed8,0.14823190480595944
ck_0fc1086e1c9e04b6,0.03207315948571826
ck_5c33bb46c1a5945b,0.012190964332679275
ck_500948a8d4bd8e13,0.0198551461594741
ck_19becd44f2c3d2b5,0.009165053578657743
ck_7d0fe77dd5ddb656,0.1011705878945441
ck_f158d9e5f101bb35,0.051153440417994224
ck_cdd7c77823c2257f,0.05761940173745682
ck_6c7b41374f9b2e55,0.032501173540522746
ck_417090dbffb1a63c,0.0267000335011602
ck_dd0e17605f970319,0.017128233937554502
ck_3646515079e6be55,0.025615693302047174
ck_89c8b06aa8c84b2d,0.014534460614808448
ck_e4d6dedd97233c07,0.013738108644730422
ck_bc82fb1895fddde5,0.013946539846481979
ck_88a8b1d442ca3686,0.0320910363616739
ck_5791f8f76a629a4f,0.05176448785450534
ck_9cf5e88e97c8c7ea,0.025308995511290584
ck_58fd684aa5a6f289,0.008575941318779312
ck_9800c21dfbd8e811,0.049113970128644185
ck_8ae64df60ab6ccda,0.02651372719861552
ck_e535fb0f0c00418d,0.07459466089627569
ck_48011996d54855ac,0.5994677166620959
ck_ac79c72a8fe3fdef,0.5357781125534664
ck_b8cc2df5192bc49b,0.04078163465463517
ck_e96a5e1f08f8a867,0.019782106404240798
ck_84df6770549e43fa,0.018985893849890776
ck_e5f7b99ba6ec5767,0.0705004368378443
ck_8347455ab53ff620,0.013162948008152502
ck_a84f2cdf695a71d6,0.02288411112954655
ck_90456160115f9ef4,0.08159607524200375
ck_ebd178b3f3a9c50c,0.023542049957357203
ck_e1140be6157bacbe,0.009045857713883703
ck_744ffc11d32b96bc,0.01707485806420816
ck_e12a9f7d027e3387,0.013726336655461625
ck_cbe525da0b69f18a,0.01218552438976847
ck_aa59702537557ff1,0.09278276951968775
ck_0348cc6908f7f3af,0.008241703446052814
ck_120e995d50956bee,0.010508508930816085
ck_9fcde1ff46cbbea5,0.02291936153302511
ck_54b0b070689c50d6,0.019224453974183552
ck_966a167758fddfd4,0.03887651229415019
ck_d5194f2e92fd6427,0.010528204006498999
ck_2ee84f3fa27f2cb8,0.013929847867487967
ck_57d0a7eb7eae2eaf,0.04463889334002059
ck_6a2c4edd82e10969,0.006711595805901776
ck_96e4d38ef670eaff,0.012583375644985692
ck_52cc2fd5095b169d,0.015572950783086443
ck_4b088920f3a844c1,0.031405739380494097
ck_8f3ccbd20d59f1f4,0.012633235781374179
ck_e5e5dc431bed6f9d,0.01567579105547482
ck_e8b5bfa6838e28d1,0.00705573232263206
ck_4bfeb78b47b7c6a1,0.0165404190436943
ck_a705c61bd679496f,0.02752267758538122
ck_731869a0c39cb2fe,0.0438078295580322
ck_259eb102342057ea,0.025752464905764307
ck_47a6005fabc33551,0.18900952107831195
ck_682262b455a9edd4,0.029055469117624317
ck_e839d104854945f0,0.00788745886918997
ck_761989aa4c47d746,0.013087868382733485
ck_44211dc210139ed3,0.016034022762367903
ck_9915ceedf63a5289,0.03485961606328135
ck_da59ab47cb6284ad,0.013233445746355939
ck_e5cdbfcca2456652,0.0024655958647210024
ck_13f2560c6a1ec62f,0.01572333210616034
ck_a0543e9b3abe1001,0.1464613732528304
ck_11c7a58e09e6547b,0.03845449690166565
ck_69587a134d43a4ad,0.04828734630924357
ck_28dc0de0ae291f37,0.012968317154869907
ck_298922703c5bbe05,0.022563258822818115
ck_fa5ba9ed9ed6a343,0.018927699683270367
ck_c08e64d424e56c05,0.0295357505496096
ck_598e036a28262aeb,0.025305795473487935
ck_3f7c870510083a51,0.026779916128215512
ck_364f8203a3e98d36,0.36597642741374187
ck_7333cedb61506ead,0.017609662707240428
ck_1d96d7fd65f208b2,0.02332039178444185
ck_63133a79f23e2627,0.22077736898791972
ck_901d820e0b72abae,0.03268222504211932
ck_5dd80b3c01457bd8,0.030280913395102697
ck_c0b8067c144ed6c1,0.10993849070822646
ck_cebb8aa8c8f62c60,0.021831944602013306
ck_79749eca42ff1f5f,0.013081663282710996
ck_2cc1d9b587f6da31,0.021726795206776398
ck_ccc7916b56d42195,0.007007297625667541
ck_e43e53cc7b8b8e41,0.047457985608511305
ck_4ab74a6e7450416c,0.02755428330779291
ck_6e44024e9de301c6,0.017815941547095676
ck_dd78cb6ae2866cc6,0.021047225573037162
ck_c363d3b050baf3b8,0.02031754740342054
ck_2d46291975f0dd08,0.07863600316951144
ck_76ebeb5aee42f041,0.031405739380494097
ck_8395f004cf4d4c08,0.01082231813112301
ck_de7259c3741db179,0.01353061793132783
ck_3938e92585df2b34,0.061261022675982824
ck_af69bfcf4f07d932,0.006753593014383194
ck_1723900ab9afe374,0.036454262775267504
ck_3d58628d1c853c8a,0.03201283915163838
ck_12a074db100481cf,0.08217651471156755
ck_8716cbf892c50e29,0.005450856614449014
ck_fbf7351958ad9615,0.03079689478944396
ck_a50370907e6b397c,0.027139908508779415
ck_937402a60df0821c,0.012433823620668631
ck_8ce9c5807acbef48,0.056546606701715504
ck_acf7d65eaaa4c31c,0.006899002251989707
ck_ec3eb6dd0967cac5,0.027990323134943564
ck_fc832b0c90c9bdb9,0.03964759581817983
ck_8129e81cde280131,0.015993081614892855
ck_52c0ef68aa2fb8cf,0.010633395539498101
ck_06f042e9b1b662fd,0.050786832076317366
ck_0bf35dcf7b38f650,0.02986281215958634
ck_615763afc2e17a7f,0.14362317805424868
ck_e72db9d4b2fc9997,0.7667126981913184
ck_13757bf0eeb353e2,0.015008004666865514
ck_abaf371ec8249c4a,0.061685460794951026
ck_9b7167da0920c37b,0.10221907705988437
ck_2e824b0b27494a17,0.00915903456026091
ck_9a0b605e9c3220c4,0.028341465790392033
ck_a5276af466b681de,0.0076749072983253
ck_9e0383e1fb6e214d,0.07915152287268065
ck_6a27c44b691dbfac,0.029713704360096807
ck_af39767cf583905b,0.009402446211921064
ck_243b1b9fdd3f9a74,0.21257818925858035
ck_c0422e638a9c6046,0.02074016770904845
ck_e0f3ea3373dfc4aa,0.06563530618270048
ck_d56ee1654378ffc7,0.02097785014171267
ck_20cd2f5666719baa,0.011284127432322148
ck_4dfa1c1e9b69fcc8,0.008170700298355916
ck_5d22e9ca1d15180b,0.11029991302671348
ck_f4a7ac178fd55f0e,0.05313899137536154
ck_fd5609bd23a1eaf8,0.019231622742321437
ck_49c3bf13dc9471ce,0.023393750438576232
ck_724085c3452d4693,0.1328229558038022
ck_e5d1462846154a75,0.028272388788802914
ck_c69ef0f3e7d6acf9,0.10879603393738624
ck_a2d0417791d4132d,0.01479988328711579
ck_00a07fc2a9183c3a,0.014913099137258152
ck_781b8288e54ba8f8,0.11968237704018952
ck_d74a62ab3804a81b,0.007540021595881247
ck_abcbde211b6267f8,0.14599538822833968
ck_16dbafc035574654,0.06056093569644067
ck_018f780215ecaf38,0.011302118716143167
ck_0b259620eac51618,0.020010004588249707
ck_4f875342394c110f,0.031067931052747088
ck_399e45e5fe9beaee,0.08237746893722778
ck_36224a2d394ebfe4,0.06997537055083453
ck_c189b551bd111332,0.016156476210580088
ck_125c5a720ecb177a,0.050976345606248565
ck_76d010aa02eb477a,0.011020556432585675
ck_1071d14c46c92379,0.11275843442210993
ck_61d244b2cde483af,0.014922882698529679
ck_2ff1860da2004c84,0.006721263421876674
ck_c5b583490198672d,0.019871293133066043
ck_1294f7af22fade11,0.02026871088138699
ck_e3a22799716df39d,0.00815242550674062
ck_c77e22834ef97005,0.37934734454961344
ck_73d3689728270a2b,0.010311153186549075
ck_295565fbf77ef885,0.028808468908001268
ck_80c0a7f54ff4895d,0.007259560836167194
ck_f1ef5cf7f10b16c8,0.4313888041516376
ck_a958b2461ffc21a2,0.05224904866202482
ck_0e7899a57cd617d6,0.01932755848636027
ck_9d4fed252718f58a,0.17706417629317045
ck_83c2c34add971d76,0.02108465917325574
ck_9ccc030ba2de9fb2,0.023843381662863386
ck_cd691e3466fb3742,0.026823081406297147
ck_49df70f908dfd069,0.056278880508807506
ck_362ce13eec1e33a0,0.018217173106774665
ck_2452a30397dfc54c,0.012531721292045451
ck_a443d49c2b4863b0,0.013867968634403394
ck_c8b2e2cb349dd0ff,0.12164566426549653
ck_354909fecf5da8cf,0.011794969055123993
ck_841f598bbd54c83f,0.1371450820067152
ck_cd6fbd4e8724f994,0.03350773326994439
ck_e0b3158111370118,0.014048416247863415
ck_4c2f2eb657c2c60e,0.04876279735571524
ck_ef346071f0b7654b,0.010049042813096577
ck_f3bc10e3decefce4,0.03790592619232099
ck_189b6fbe9b9192e7,0.01760638515481116
ck_5245cbc5ff4d4fa6,0.03877167298981315
ck_cb42e3be6fe87f60,0.03926757566273359
ck_966d4d713cbc7792,0.1874484194148473
ck_1c8c969667cbaab2,0.7539343348667511
ck_d35e3aa9ef5d405e,0.12158263895912437
ck_a1c39df50a5873b3,0.012826356717774509
ck_a152165caf295b51,0.06505905862849817
ck_891eaedae139828e,0.03834425154593171
ck_1a46b56f4734d52e,0.20675665080203692
ck_5e36042cfad96c99,0.12166070188915054
ck_02a8582c2603e675,0.054417761229576686
ck_6def9d0429e4ed4b,0.016467378705817295
ck_e137400825a1e3e6,0.02026593448249692
ck_d91ab840848a54fc,0.010672350257622414
ck_becb6e1c608e0078,0.011611584487774619
ck_6fd8c86ac719d7eb,0.031681003610782764
ck_3ed4d13f12fd9d0e,0.0902572762098353
ck_007337aa99a4891e,0.011484179486191569
ck_60c3d8306527a08d,0.14964077164897943
ck_95458880a54df0b1,0.02732702801035563
ck_b48cd8593533fc1d,0.08787625696789539
ck_021c6a4a7e3f1f0e,0.010555647791188292
ck_764d40f865e710af,0.016623837921732304
ck_4b84357ae8ec7777,0.018311581152157076
ck_3397c7856b4669a5,0.036853661201804146
ck_920bb003b42e6310,0.010884885914349366
ck_8f59f11b512d5b7c,0.04071902277444941
ck_a3acf4b986afa98b,0.12304808908282296
ck_e89d25ed7bdeeaea,0.011513530139110207
ck_70e6bca473bf6902,0.015682395815843124
ck_186161ce152836f5,0.03485277583108073
ck_9191579254663f5d,0.008134681871561598
ck_1e6628879e9d653c,0.02895557656827747
ck_b498fa91a0776ff6,0.023745882027438114
ck_cfc2384f22954830,0.03932740023104797
ck_17673a1c2867888a,0.036885800406596975
ck_523dce06515b072d,0.016700513548725714
ck_c20638a325ead2e4,0.01769700250813095
ck_d3877e1f907cc148,0.021252203442643457
ck_e9a2495dea8675e2,0.023507278804851386
ck_7e561caa5fa1f3f1,0.06672239623412834
ck_455672e652fe1abc,0.9811954338934231
ck_7f8f864fcc90ca82,0.024545477873698214
ck_1ad36046aaeb816c,0.021073991266350043
ck_de056e37c82e8e00,0.02101789996681348
ck_7484c214c889fe7f,0.10063150412619838
ck_32430e678c4f9f53,0.007718607813612107
ck_6276ece8f80ea799,0.022389445204069647
ck_ae8e5dc4b725bc25,0.37530893072706056
ck_f01be92dc78a2dc7,0.01740721153666518
ck_233397a8bd40d38d,0.018264104221215063
ck_f8124911450fdf31,0.8139416487396186
ck_aa0a3179f1111674,0.014555425708570505
ck_2366b29ed9887a5e,0.00865088383117041
ck_1f22f04dfc08cf27,0.020519423656367934
ck_b62276c3426d680c,0.016417302949336885
ck_d099fca88691f66f,0.0656211538726017
ck_166bd1dcbaf4d6fa,0.008131854732897754
ck_7b1660e942436e12,0.02353023406137767
ck_4a9a791a1d409a3d,0.009646256070911626
ck_b003e5b54df65db4,0.01177815927837704
ck_64b4dcbf436f0b75,0.007774431475171343
ck_26e9a7bb2061a58e,0.03316913423165189
ck_08b77ad5f8f73007,0.11378048804597983
ck_366616a725afc6bd,0.015483847634728196
ck_934fb5064b6eefe2,0.016760773381565373
ck_c6abd5d57b1009d2,0.008706079847684702
ck_edcfa9e1cf29d813,0.010108230247805591
ck_c30201ebd003fdc7,0.0649088857289935
ck_c54643d94d3ce355,0.02887152236550629
ck_02adda6e91e49650,0.0328014625907485
ck_5b73d7c5255e58a3,0.09954305695472764
ck_129ffae92dc01408,0.01737699012899624
ck_fa321945ebedb916,0.03117627007415827
ck_8da980cb2e1e2bfb,0.04794464983284273
ck_0576b00d728bdf19,0.05942611478600833
ck_c543d82e22b3c8a5,0.005941736529023128
ck_0027ba644f9ae2cd,0.09323541548553282
ck_8dbf61df902a6bbc,0.022999786752439993
ck_90eeca1cda79fd41,0.011140069064082044
ck_86d7127391d4e01f,0.009991870483440931
ck_73762038c7ff2f6f,0.009691170922806256
ck_a1484e6215fac651,0.04768195104813285
ck_cb83b9f806e90dc6,0.09553751534046669
ck_8c6f059c95872126,0.007256695618274313
ck_3174419a81e7caf2,0.07909030026039493
ck_6a0f8f8fa4a3c2bc,0.06304870336537809
ck_b5777605668bfca1,0.020074332015209143
ck_27e4de495abb4d15,0.010483466373958994
ck_7f6fa79c7a107161,0.009853932171072092
ck_c36ed9f8e6792ea4,0.026159306139195617
ck_67a1aa88d2ea554a,0.017973186584314352
ck_09748dfe4df3d540,0.034712205934190256
ck_27fd85b1e38b675a,0.03934782436286792
ck_2369689bd795ee10,0.008415357557048603
ck_4eb1c12f7d092bac,0.026700936421282857
ck_01fbafc42c8e33f5,0.010428055518075999
ck_93c4e05699b3b7d0,0.03421021621347809
ck_afc484d1b6907983,0.024587979877529243
ck_1b2d9cae92a1aab1,0.02130930045852697
ck_73b729cb161487f2,0.017442815853907962
ck_fe3c1d0ac090d960,0.036203720225223605
ck_408efac1d3885ff8,0.034346768766378634
ck_ccb4dd9d0a48a76e,0.00911605117619852
ck_2987eab34ca7805d,0.016030845817816577
ck_1dbf1f15193197db,0.05144505147362405
ck_4ed711fe4053e74d,0.10137392910419725
ck_6c54adce174f45f4,0.014114785224678617
ck_a6c740041faf0bd5,0.006645327673483674
ck_b05c4d33c4f43639,0.04829702011246998
ck_032880f1114dd51c,0.010808985616432865
ck_22311b037456a76e,0.014664979044673596
ck_5866b413549765bf,0.039840319934259814
ck_0e808afe2570ecac,0.019445576662752942
ck_634276b05f4381f8,0.02218363163894566
ck_5d8773badd0d4740,0.05138750631694401
ck_82b5b79ce3517102,0.5198039048807425
ck_b378b8d8100ee4b1,0.017932451514781254
ck_54e581f71be5430d,0.01280064027567867
ck_798ba4b8aa544fea,0.015618815926701978
ck_3fe86b6331ff95e3,0.021881876549374513
ck_81275d9d4c559e6f,0.010598878641474602
ck_99a4e5ef02d89493,0.15442056684181774
ck_54e2eb018d947790,0.010772236438847952
ck_966901ea9c77cc02,0.012757187369806043
ck_27d69ff4e0cb428c,0.11514231623594876
ck_2cee2dd7bbfc09a0,0.6069528607641764
ck_4136b00924695ab4,0.009483837726620268
ck_59a164c40c03a45f,0.03856774804688143
ck_3e24b026bc66789b,0.010820885289825357
ck_8105bcf69a75ee47,0.011265410633742682
ck_7a1782cefe26a456,0.07722655490769963
ck_970c7dc195161272,0.007597451472602277
ck_a48ec0c00ae20e82,0.01188646369650033
ck_54b374ade34e1dc1,0.011278562229309452
ck_74e5dec189761d14,0.025447253599838217
ck_4717f24f2c6f40e1,0.035152144783469834
ck_fc8cd8a8209e802d,0.05481493258234167
ck_71db4131d7efe218,0.03641673750204363
ck_45424ea6f0bc4650,0.04931467422354089
ck_3716c6181a5035bc,0.03191225345519329
ck_26de14b96bdad4f6,0.017329082904517644
ck_99c0a41ac9c73857,0.0140626711325281
ck_645f15bbbcff3b4f,0.7286554053815392
ck_b7e25ddd41514d4c,0.1157515219273844
ck_d5c14e877ca7b755,0.010671876203275981
ck_05ea4440dac6cfad,0.02236134747407667
ck_c58bafff7b1955cc,0.009575093776621392
ck_f0cf85b67a9b840f,0.014689028970345248
ck_ce1500a7f0d03fba,0.010862634432835553
ck_d4972a775aadbbc8,0.01238701051352468
ck_3eb6146c262e0fc3,0.008983120595565188
ck_afb23858a4ef42ed,0.9786796362215676
ck_2c1def5c91c52a5b,0.03642970407511776
ck_72e550559487b919,0.0064871047509504854
ck_0284dc2b4f856b3a,0.5803485101156423
ck_03be334935e999a2,0.02304739359639057
ck_e35a4b4a3cb4cedf,0.04198556159766165
ck_5abe57dfff4b735c,0.12183644208178324
ck_f5f87f772388efa0,0.019420639923879914
ck_5a22cb36d612236e,0.047971883593557675
ck_8ff1e6028e764472,0.9402006703521055
ck_2ab28149b0986642,0.021720808076641656
ck_c88fc1bac79fa6d3,0.06383223350107613
ck_5b137d74bba6b1b4,0.010324325945510648
ck_11f362dca2dfaf5a,0.09290571074434803
ck_7f960541e5174565,0.03998487819622735
ck_d5458ba39ae94498,0.02240923253356522
ck_0a921a73a90c2e39,0.0518368101397512
ck_6ad56ef40086dbe4,0.02501847550141214
ck_b68199ecccf2350c,0.016343991626003668
ck_6dac66c8198c07d8,0.013008956889366288
ck_9b9ce7bebc235fe8,0.030409579792747138
ck_6b817117d87063a8,0.03336370644104235
ck_900d62b3184378c7,0.012618713477321181
ck_eafe9b89857149b5,0.12781719505736971
ck_e74716a525ee5b24,0.007044949262664741
ck_4e9a6f06ab134102,0.012647085786519397
ck_b0d33b5a3716661d,0.034439938093151296
ck_8703543bf3134306,0.015168980830265872
ck_923d6a0f83accef1,0.03233320629381577
ck_52e37e2170532e2a,0.01717544131889422
ck_c1c5ea839c58958a,0.022392790450614056
ck_660f0006780e87e7,0.11570338915814932
ck_830b2c5d1818ac07,0.09721131137389552
ck_b080ff636932d1f1,0.017596089395504264
ck_38730aace405f2ae,0.9919169534092813
ck_9790138467a06223,0.013339231589274818
ck_10de0b0d86b17839,0.03645405970910288
ck_c3e37a4d3382c32e,0.01627787010867496
ck_dd8edfefa1eba531,0.011693125986097945
ck_8153cdadd300d234,0.006927686045027356
ck_74d0e7c2c6b63d36,0.9629219357925224
ck_c478aae3031bb328,0.1365577972633189
ck_cf301f2194975866,0.01993684934385994
ck_f4de03f44e3a5bd5,0.01980126984722545
ck_b06ce826e593b210,0.0801168722113716
ck_2fc70b6baf6a0e26,0.03197470085476765
ck_d208494cf5c90047,0.022411426941735646
ck_086d29ccae565e5d,0.04317375138789814
ck_d5ef6dc116dee408,0.008526442761019739
ck_fdf0c5b722d83464,0.010717939617009507
ck_de8494b13adeffb5,0.01625479891176262
ck_556786868599143b,0.02306559863918494
ck_4940e78cbdcfecf3,0.006545857980533395
ck_d32fbbfe32c00416,0.015769819803046457
ck_bc7710f7e9fae649,0.041684346005225095
ck_416f7ac57da081a3,0.03527490059008278
ck_6fb39b60c67d5475,0.04128214327957353
ck_e40a156511345d6a,0.019165112694981147
ck_49ab879b5aa7fccd,0.08644119886152046
ck_bb643194d1cbc47c,0.9715498676665695
ck_b3ce8f1bcedfa043,0.03922742483836027
ck_558ebde8c29132a4,0.022957265676942184
ck_e6222925762273b8,0.025388626173939804
ck_bd80546b4807dd59,0.03440488854626962
ck_bd21164bd2bbb635,0.014034691363194289
ck_ea835557d7043667,0.019440323445033398
ck_1411a80a157ff39c,0.01899366528493791
ck_ab973888c20c9120,0.05760050672277535
ck_95b48972061abe82,0.006565650034769924
ck_fc4a43f8876bf10f,0.10508804922561815
ck_f34fb7ccf82f41e5,0.02966947646665302
ck_5af9934a56801ac0,0.005561934537565264
ck_fc7445ec76389a58,0.07337032904518777
ck_1eeacc26f02fbba4,0.047337312709375474
ck_4f325dd15c9bd45c,0.058111903128189556
ck_5009a6c8bbaf15ba,0.08766842300916164
ck_0f3de7f074bb33af,0.030141682112240265
ck_2cbc2f93a32eede8,0.022359716315959448
ck_4bb90a61c21a303b,0.010662045791262363
ck_3ade9eac7d7b0dbf,0.07699444816552084
ck_4859a58629622915,0.189943779688252
ck_5fed957287ebca03,0.010375449459277113
ck_ec01ae5351500355,0.031054359784136853
ck_703b41624ae6a5b6,0.018224308691532312
ck_97c38e7f61c27e47,0.015293113045436074
ck_db2c0908150cb2cc,0.03565272565862302
ck_64ac5e6fed86ab60,0.7522149910420312
ck_da1c853b0a061e83,0.03010848565259015
ck_9a36916b60178ded,0.9568256543880644
ck_3715bfa7fed2c675,0.011092399440007953
ck_dd3feb77d7d4f6d3,0.015149055613814591
ck_982ebb24174a4ade,0.014851123296845091
ck_f6b7a10d47dd9a1f,0.02059648015998907
ck_1f56fe99f250cdf4,0.06164088013411609
ck_deb3ac0606d6f6db,0.03219892188372493
ck_e666629e5a41b39b,0.013126096817868738
ck_756d2c13d02b3e09,0.010349815991274066
ck_7bc752ae7cf5d55f,0.5090535494207895
ck_fc0cc4b25e6a8194,0.011721960353635031
ck_9b2b0e286de78a1b,0.04125405122607032
ck_24b0803447211bf3,0.018473754586251296
ck_82eed68d05a42128,0.041696410343193
ck_c8a03c516ed5b05c,0.24291717929880455
ck_e914974cee1bccb1,0.19699087983543917
ck_0c533ff2d0f9962a,0.028797690954355838
ck_c12805fa5d970a83,0.010153088349490897
ck_fc2cb29918631f10,0.04927120911766086
ck_c20e89afe575549b,0.009041629347932446
ck_e1ff9e31becc27ae,0.01507150428397059
ck_18116d0ac08f1996,0.8903930561444267
ck_885a83975cea5e64,0.010997339286935534
ck_a0c3059a959ba5d1,0.027347553593193925
ck_75257ca7d7da2861,0.04253916587720857
ck_2210f7a0d13bdbef,0.01734532675056054
ck_9cbd9ecf8374f65f,0.010367342823499767
ck_18f67c00ba21fbde,0.03542613048860376
ck_2d28f14d3973d8fb,0.008002378618297733
ck_8b3401b44aaae728,0.011539700683239337
ck_9d8e9ef37797d3af,0.36926046260902423
ck_9f50920c894f64e1,0.11988007575083047
ck_4737e0d56c6fa0a1,0.007992326994817344
ck_52c311f29ca3aca9,0.006476039309806108
ck_6a4981bc721df37a,0.015804862579543864
ck_823539d936c55fc6,0.005658341849946784
ck_df5aedb4118020bf,0.9766411959972656
ck_a911a066ff0f7b56,0.014772226438575327
ck_684609767df4a14b,0.05051285713618808
ck_f2350bf355dc919e,0.03486606455109679
ck_8452b6cf97c65a5e,0.01740113359282432
ck_084cd84501012218,0.48898555248161485
ck_ace6b72e5bf3e93b,0.015257999539454345
ck_2afdd69094c955c5,0.061249141212246644
ck_fa7d5be26bf7b31c,0.0631093204506001
ck_4b041217690fca2f,0.022767813235049325
ck_9fb8e3d38cdf276d,0.27780220180425996
ck_c1ee56d65a42f59f,0.06889886718140105
ck_fdeaa1cd085691f0,0.05120761985335653
ck_5de33a7a87e9aa62,0.03538151128005891
ck_7476e7fe1ff45545,0.027935079331145928
ck_b0a947b498e47018,0.05902323011816252
ck_e3894ed88a7977e4,0.017811829094368268
ck_c7e07ebfb0bc15f6,0.038632000754969725
ck_3a3daa8b376f2a18,0.012820489925252641
ck_87809324c2675b0a,0.014285310725137796
ck_7eb4f33260f1dcd4,0.019991898601529667
ck_ab9f0e08af030060,0.040845434589245326
ck_5b8fc4a76f340797,0.03141523750727091
ck_0e7bf10ef49aa818,0.043733781313588564
ck_a44462a3853ac67e,0.9880974651639115
ck_2d14bcd2e0fc043d,0.006879377209646147
ck_df1f2dba802296be,0.3880134098371266
ck_466a7316eaf149b1,0.016294743239937824
ck_50df50af592b0c06,0.026411549229066876
ck_5f9e34c849704b95,0.048363610259810376
ck_7836bf6def26aa87,0.13506961802795847
ck_ba175b1bd8efaabf,0.030601979781800282
ck_1a0aac7f7b94b1be,0.030102667077632955
ck_6768c4b2aa8ce586,0.008478219279251579
ck_eefcf0ed15897898,0.014062351752491965
ck_7a6cb27e390b6ceb,0.013331405959599977
ck_5275be4e1577c1c7,0.0076830374681399385
ck_6bc0e5b8c0b7d2bd,0.04920898983046079
ck_4874bdec79f9106c,0.021721136722295753
ck_a678731156ad7bd2,0.14011393288723986
ck_db906debc36a5d1e,0.030857028347660357
ck_e87897767c612942,0.03270048713931316
ck_45ed5ee496ef8a67,0.01260666413863122
ck_ae20e28f9854f3ee,0.03278782837906399
ck_9ee044b73943a90b,0.04422392957470677
ck_dab34cf6f0626c9b,0.014460735514144712
ck_64a02b7b96149810,0.020933569536868746
ck_c417d06f3e94685d,0.009761073724906043
ck_3e0149cdee4cb294,0.04379562376135634
ck_0e6046fc30f81705,0.22622233841787373
ck_c383aeabd53e9c89,0.013393212043325348
ck_2ef76f1f36e8b869,0.28665789980223905
ck_43948784650bb9ac,0.013380169826637697
ck_bdb966f43ac350ee,0.02690359108535296
ck_5bea0e0ee0b094cd,0.02695371688860515
ck_dff090f03ca5529e,0.053374759056605825
ck_a4691b57f837d88e,0.01962795914898756
ck_99ee90946395d74d,0.08729899779518555
ck_cc81dbc83a8879fd,0.026355837505270947
ck_f3dc0725621b3a35,0.012009549627398166
ck_1bb212d1288b9689,0.012363637841291908
ck_9e7278fc7679f002,0.03242559515899405
ck_3ded7a8720d7e311,0.023267731362187453
ck_798157bcdb9453e1,0.0089069170680756
ck_9fba80f56f357fe1,0.011532878719761315
ck_f1e1c8491f16f912,0.01654727304009978
ck_7b1319a5ca2f63c6,0.9401990356486394
ck_124432fd5c92af7e,0.931099254461071
ck_148cb0c723284dc0,0.030567569127610064
ck_b56c62c950eda009,0.013980915046485309
ck_a0498755cd8d7188,0.023221654934393703
ck_5379452a9d74efae,0.009604237578939223
ck_6c2453229d608183,0.09254796712101508
ck_f9d8b4813a88c1e6,0.011174346426874534
ck_c2c7d1e45a521857,0.026937123353944353
ck_4364a83a11743888,0.009998453819492855
ck_2cdf5fd97ba75e06,0.062349070373797305
ck_71bc01291e0533a0,0.03947444841632714
ck_a725d7aed2a0bdc2,0.02171290202505184
ck_a9b0c4dbd7db6a91,0.04260003339840227
ck_a4258806a533efa9,0.03316876951481431
ck_905e460591d9a278,0.14577226450929612
ck_20de8abfd8960ee3,0.02789258971976653
ck_252b0a0f1119b220,0.0440672904271882
ck_95e4bef65c36af1a,0.006393119630722857
ck_5ab68b434ad53fea,0.006732284885894686
ck_13677a1957078827,0.007404222225364144
ck_d251e9fa09e542dd,0.9962480990619734
ck_700cb620f300dd47,0.010084778365662558
ck_39a68c55a1bd3ace,0.32192016032287485
ck_61a59a7944d6c53e,0.08994614011355188
ck_db6d1c6d31da967a,0.024133536651561274
ck_650020c500b1b50d,0.007141145008806071
ck_d812eb6930192793,0.008596775794957623
ck_92f6ebc11ebca89b,0.012552806883091582
ck_d87e26eb5bc84b01,0.008873555882418664
ck_66439e697695224c,0.017439422978636543
ck_f21efd504faa654c,0.02656217538527169
ck_15eed0f5652f0352,0.011125277740372757
ck_bcdbf57d98dc0d27,0.012335709360601044
ck_873ceb8004d3a9f7,0.05128891391217018
ck_70bef9ddd4bab005,0.005946117668630134
ck_7560f1891d66f294,0.021466472520776513
ck_f439f16f8693883f,0.025795695859941185
ck_14f9535e53f9c7a6,0.019078332657412204
ck_5984be472d2bc267,0.08920962608035615
ck_ed01be7504dc4187,0.012786890986585859
ck_dc3d8b5c17b67ae9,0.07502506102994053
ck_9dc23031b6b494af,0.012677024576842017
ck_fbdac0221bc03f66,0.008564888231336993
ck_863708a99b92ef0d,0.06939373198332258
ck_22b52654776a1ea8,0.5271431909378463
ck_a0714f98001efa0c,0.03104823313538035
ck_9c56114f84e9a541,0.09186798807515399
ck_e155cf506b2fb699,0.010053475759053247
ck_65ed7e72f24731e7,0.010087921959203548
ck_822d6e8e43befc72,0.960216054858626
ck_b1182471d9ac6b26,0.016578457420102156
ck_821446adc95e6da5,0.011890995507215545
ck_ff182f033134dbb8,0.02557615904011562
ck_9c5feef7647b0588,0.004922260738716454
ck_df935d8bdd44883e,0.015894970874105005
ck_01eb24c18ad11fca,0.023560486272293877
ck_00d6730134a1eb51,0.030491367863714456
ck_79ba8e85678d0224,0.01262208278182934
ck_97e3b04a1350f6e4,0.034988438841390745
ck_74e9747954a46eaa,0.04204148792134389
ck_397d5fcc9972f909,0.015092573880475678
ck_9ede89e8a43c3f53,0.04523547996375044
ck_303b33910d67f306,0.02108534370172655
ck_3c17841636f6f7dc,0.01564401176196405
ck_78730527f8ba1438,0.1794848778287574
ck_5ee32bc6bb5d1d4c,0.28330978187884864
ck_a13fee8cd925d0dc,0.010096574571828932
ck_6f847263379f2e43,0.040402803266180676
ck_9b9d9e579e7b55b2,0.017182491374516048
ck_87c1d0a79e79c84b,0.024576489323512207
ck_bfc453eabb472f91,0.04980304967744434
ck_978c21bb5fe3171e,0.036176887192370055
ck_dd882323474431d4,0.020287314731518763
ck_533c4f7400d5ab22,0.1468736141133373
ck_5f217bfe28954e75,0.9749566693013887
ck_ae96d35465b3b4bd,0.02260630048319205
ck_512ebe97c0af94dd,0.016420841114435238
ck_f558fe02bb0219b8,0.006322501640491999
ck_84092e23d5ef4d51,0.049219397867809773
ck_17d3022ca12eacd7,0.009878006524910929
ck_8a8f81bf3558fd9c,0.04500396640565951
ck_0ada6fed1864e7c4,0.016783639041745915
ck_21fe7bc59dcd78fb,0.008009899785428053
ck_e136e20c1c74fe38,0.015477314744675171
ck_e7a530e09d113dd7,0.5528819437627485
ck_7cb0c9ded4d63027,0.08169228546241032
ck_102db9615e722c9e,0.025326326991551795
ck_129e39ddfde92eeb,0.007296943563690289
ck_d730ff21bfd7769d,0.03321276888558606
ck_54459b45d2be8459,0.018577990654279238
ck_7f1c20319eb60aa6,0.9908471958964744
ck_939fede90473e412,0.009110779888130078
ck_e0f9506a6d5f4a1a,0.045294547912722645
ck_9a4967cdf49265cd,0.16879023699159854
ck_b9eaf03453ac7d5f,0.010042125996323873
ck_522477be6376b450,0.06119747259642514
ck_9b6282e3bad50710,0.10082363395505156
ck_a0e3a2facd508e49,0.031299140839837654
ck_97ffae702f7c3d08,0.021627791748944917
ck_344a95cb7115ec67,0.02179953640968858
ck_1f2760764afa45e8,0.009065458776267589
ck_720cd658d11ea428,0.02397785138810631
ck_04e32ee9834c088d,0.10427963639998558
ck_2bb1389e5e72c8f4,0.022148699662660296
ck_961e7dbc217cfbbc,0.017352341775410212
ck_f3bce4eccfa6d6bb,0.011378425786371209
ck_e0ccfa0d689339be,0.018276333436787775
ck_98217aeafa0bfefd,0.014772226438575327
ck_a02aeec1914c158a,0.015209748777612381
ck_20a17e8f206a14c8,0.08376103274981597
ck_114c32aad4b6183f,0.07068948547861204
ck_79f5198f0decef20,0.031975607598426825
ck_2209de229b4c71c5,0.013535487068479162
ck_6ee939b7f396975f,0.008664983420752517
ck_202f0c14b07ace01,0.02350261004561609
ck_fa24db9d416ab904,0.01912408302700737
ck_cf6aa24b92c4d33c,0.15249702267429796
ck_45f57fb8194cefc8,0.11507969890040305
ck_d5eb179dc45394c6,0.03345943966958752
ck_efb24be983342f75,0.018097900643332797
ck_245f5d62ead5ef28,0.03368601655403262
ck_15fe2a47fa7e92ea,0.011040087157549118
ck_b6527a85fd682554,0.009717550956213634
ck_11f9390a11ce9ff5,0.03350927944923403
ck_ffb4d892c5158201,0.027538699133444235
ck_d4c1da5a1427fd6a,0.01630058563557776
ck_2c041b1efb1c5063,0.010522973715031868
ck_ecc18f40b33be769,0.07786586647796176
ck_0525349f3945375b,0.025168065209995604
ck_0bfe62e0c7eab9c9,0.012432548618862026
ck_b7c37d410b1646c2,0.011071050303158416
ck_4b15b0746318cf42,0.12722469403865475
ck_e5ee006ecd8ff661,0.025076109294830857
ck_ccc83cf66365357b,0.030298914083713192
ck_34a33ffe8339f66d,0.9587670698642707
ck_4e39e3b165edab58,0.1920505100812666
ck_1a71f8081ae00190,0.3077686627398989
ck_ed8f1200fc049c40,0.9150849541251236
ck_8a5a57858e8c77f3,0.01262208278182934
ck_fff9fdc2adf5100b,0.5676880458927702
ck_c76f1bf40f3b787b,0.015639746172876993
ck_1a6ddfeef82b1b1a,0.00591160621373414
ck_478d2667aa9896d9,0.05017498396263057
ck_641c8e7694b21f3b,0.06153728105938251
ck_293581d879f6663b,0.2516597970567027
ck_1bfa8abdb22be8f0,0.11689819592085003
ck_05ab5b03d0bf9ce4,0.2502195738201857
ck_35694db37f0cde7a,0.009908066915925386
ck_fe33eb743d714c03,0.014924424106367767
ck_abd10fbcbaf2b038,0.035482560892370583
ck_46d51648c1bf80e5,0.0491755107500851
ck_5c8390017fabfaef,0.06706728841460524
ck_87d55ca333f22072,0.017676682732927676
ck_c39c6a1453e2b92c,0.006832868092581097
ck_69ff1b0aa143a168,0.016562320033064983
ck_e57c79eaab35ded7,0.05424377900354561
ck_463ae759e2b6ad1d,0.012171870505703465
ck_0dae4a7eb587f3ba,0.03248144954277155
ck_9b12fb56529ebc4e,0.014156450337148952
ck_1af547077ba2dd03,0.07163232405772403
ck_de13de941bebc7cf,0.012930730552085294
ck_83dde7da2bf647ac,0.016225589279957726
ck_c80a94d4660041fe,0.0822579403771547
ck_f39cfeb277ef6528,0.023825795287193464
ck_1cec1ed1512a2d3d,0.00965634449091353
ck_7955a359b6448799,0.011170151655305773
ck_8c0955dad13c3ca1,0.048659748792599135
ck_6d4cd2de601a2308,0.01768138993116996
ck_f4536ba8dd2d551d,0.015454875733137976
ck_b379c198d6db2d62,0.015894449444058725
ck_76ea90ebc74bcdc7,0.009100974723927657
ck_734f06bd4aa92781,0.025120393665961457
ck_677e1d0c14cbf569,0.03903342000490078
ck_259271c70f3fbcbe,0.023925589516062797
ck_c0b744eb9e7d4eb7,0.011845720027526173
ck_3d41faeb96802f68,0.030151033656191657
ck_8f604fa70fc3c8e3,0.1542072162492273
ck_0b3c3bea0e0ed339,0.0744768199236531
ck_be5df076b8a86409,0.014695819166659999
ck_6a475fe324d7d790,0.030132439154397412
ck_3ba3fa5387bacee8,0.01011983643640507
ck_324b9939d9c1c31e,0.021029612848515126
ck_a7fcf7b592f68ca1,0.02754476773539685
ck_5b2728f7cca414ae,0.015877452502633584
ck_5f4a25ffd0b85a47,0.050635739854721695
ck_63d4f5076fe4406e,0.02434282710883997
ck_af528d66c86f0cb8,0.9423287191453306
ck_ac7cdb9b8da7b5dd,0.018936171470638932
ck_3bece63711407e25,0.04177128183598173
ck_d4e0b2a12fcfc35e,0.016888132670739416
ck_ee3e7c9d3a9c74b4,0.053853329875191355
ck_50d7c4dab837bf66,0.020136025119388796
ck_ebcb93a2990fc914,0.028411086957679802
ck_2329cc9702cdf7a0,0.023410717801162845
ck_db1fa53d588bf99e,0.02513499994118673
ck_44e57a0bad5a0745,0.030080883821386382
ck_472c81a144f4631b,0.004056291646240741
ck_1658429acd5306ba,0.013486579312698295
ck_466103ec5bd9444b,0.02813775420209058
ck_9757163e25262b74,0.03796994696792456
ck_34ed59bc2c9b0186,0.022942816208257024
ck_b7bd3a7f263f4f29,0.055998294191728394
ck_149662b09d632e41,0.015909557235668986
ck_a9ffd6b3957bd41e,0.020543374273389613
ck_ab80466ef615e85c,0.025312004514277738
ck_f2c824d3473db24c,0.01606460552511865
ck_a4a01fd45936b078,0.012349441145471976
ck_8f6ce158c2902877,0.023195067603576577
ck_5189a302cfa7cefd,0.022200994645797372
ck_430a3d03be588201,0.021716294382468585
ck_b5f9dd00914b4db4,0.02145047792967453
ck_52dec82e9cf6135a,0.028031061464867838
ck_95e444a01e2ab4a5,0.01659921857728738
ck_e37cee7b123692af,0.017300397061508897
ck_d68d42858a55adff,0.030057625034233575
ck_3abfc010091d679d,0.02194033189839687
ck_cee4e4e1b62bf82f,0.032087735009151054
ck_9ccb17c35e636c5e,0.017365062209299287
ck_f72a5a3b0d6c1177,0.15559364296837117
ck_7508aa554fae6afb,0.07696338859278244
ck_003aa842b7ca1d77,0.4575499668771322
ck_83b2b192f41ee2bc,0.05658500372462948
ck_64796b6b2c3c7f06,0.02113437396914033
ck_6438ae81d43cb196,0.012248905136945367
ck_2bd73d9098504760,0.026468004875532466
ck_aa8b9b36a099e4c8,0.03046567037848474
ck_e5ece47d0dd10526,0.012093726122066616
ck_16077ac345472e6a,0.008113943711540533
ck_a4d6e152b0076964,0.011312560338348134
ck_d90b1d03ae151f62,0.024200142807738217
ck_18b36d342b530af4,0.034420844935092954
ck_2a01e610348b84f8,0.026554751092306032
ck_0a93ed76bf36c8b6,0.10723327073383203
ck_3d56b477fe2370b6,0.10143046907376335
ck_17ab3068fa303682,0.022325237337982664
ck_592a3520d841d11b,0.017475429218042005
ck_84d07028b5fca2f6,0.013653595059727727
ck_f4a2bb10afa85743,0.008332449690972783
ck_4fe4b072f03f2c1e,0.013698559301628707
ck_9ad08fcc183ea1e7,0.004314171690607843
ck_130d3848b9dcdb05,0.017008601735190813
ck_bb399ed6bf28c230,0.019068812173572328
ck_a31a64a39a2c4941,0.014154066953044674
ck_c49f25dfb39909cf,0.023195067603576577
ck_55f50a9ae2db8ff7,0.02080210419800851
ck_09faa4e771cf876b,0.024084481668401707
ck_df520a7a6e405889,0.006820108041678967
ck_8c8c98cc694ac900,0.030145795312808577
ck_7f0c4f609673ef62,0.014536785510183402
ck_f51fe59cd445d2cb,0.011435779747788193
ck_b3fb83f0d772a831,0.01214039939182422
ck_d6e7e257751c299b,0.03104533911272779
ck_0d362ddb4a1cb6d4,0.0618125542188494
ck_a574a08edaf81781,0.011376996385854673
ck_a823f5bcb0e4b9df,0.004630163384514566
ck_f792586ad0381eac,0.019149971963370545
ck_54bfd70022c66983,0.016558004463596922
ck_fe0a9372c9372de9,0.1355411110634853
ck_5691cd6fdb6d8147,0.011913908376607583
ck_a95f212a02433d23,0.00944508644831582
ck_f5adad75e1c06731,0.00831681416585846
ck_e09c97520eb0533c,0.04443934991748919
ck_a1e13c0d58560340,0.09372944626267385
ck_cacc2ca410cbe80b,0.03690956894483437
ck_c0dde2a6ef1e08c5,0.01615866726056986
ck_a04403073c90ce38,0.009033887652980199
ck_03d3026107175dae,0.0487378086455391
ck_50176dae5b1b716d,0.009217726793274914
ck_6c084bfcb38e96c3,0.03198296061447301
ck_36d2be9012f7909e,0.022271052616352153
ck_958acf84c6137a22,0.01557013219298197
ck_114722e12db90a73,0.04562786840425014
ck_203c2a22c0c165ac,0.02356099234838453
ck_2c44ca550e5cfa82,0.02202548557955753
ck_df0a8f20ab8f14f4,0.03234966544520597
ck_826a27ff7555192e,0.012980998332411401
ck_09a988ebcf062297,0.02407365477066064
ck_5c82444b3b9160ae,0.010355724150913695
ck_f6a4a7ed27fe76fc,0.030308923300457494
ck_17de46314b5c6a92,0.034256690593561914
ck_335e63101b1e6c4c,0.06531153094325166
ck_c5eefc0697451de9,0.03522315181088635
ck_49a0efb5d4067b6f,0.553549450271494
ck_c1f4509c8f5dac5c,0.05116532301086745
ck_57658eda1c59bc52,0.011606579781921119
ck_0d5c0736ec76385a,0.048674649388377594
ck_e0239e6ae30795a7,0.08337388476074468
ck_e4459115cd8e5e4f,0.008002378618297733
ck_bb4aec09d4968dda,0.09886130514487677
ck_a1b4c96faed3e0db,0.02134763417972295
ck_8247b79ac67aae7d,0.014944609730590898
ck_fe2fc7d6e5d83f09,0.007688855145297509
ck_f6aea576cde8d592,0.011818840069536025
ck_b7e7f7d0cd886412,0.06514876533730592
ck_ca7b993e8286af7f,0.008532409301788875
ck_47de038381a9cd65,0.014054698505288461
ck_d38f941d09eec820,0.060809455180306844
ck_d9ba2a6c0d926b4d,0.07904796384630433
ck_cda72f597330d0f3,0.016684786436632053
ck_16d2d27fadeeacf7,0.007619097627642317
ck_be05447853d423a9,0.010955550475765073
ck_cd92852d7376a4a8,0.011121684230518864
ck_2faf7ecccc9fec58,0.009408408153751005
ck_db8733fd92f20cd7,0.023286685823317117
ck_a9989a3a94c26634,0.020441078764632806
ck_957fb25437c75e41,0.08979673906969857
ck_e6a6caf6e7de17c2,0.1079384104179206
ck_f7bc569b37e8bdda,0.027833450520072137
ck_703b375dd86a6124,0.01792753633987368
ck_d3cfb3603f2c6ca3,0.07495644956280728
ck_07cb2b6f2a4303e1,0.02003588420235037
ck_31631e2028d4f855,0.008667501908415953
ck_1631bab0ba1256db,0.02150692132930634
ck_5fdafeaec036f016,0.014651114246560001
ck_6eda4c36aecad602,0.029332530206180648
ck_bd1bf9e3e29de281,0.05101425755444757
ck_bf378ea558a4125f,0.7512226465317245
ck_7aa2deeda0e57412,0.9792157069045644
ck_d229cf7f5a3f38ca,0.027323566310843
ck_9e109edd124492a5,0.012401295866389918
ck_779491819995625d,0.011790548166845832
ck_b89c6fa2ad0a12f5,0.01609419976032249
ck_1d01b4a609918c4e,0.8809878207645461
ck_714c5d7cb17bc9f2,0.012685608048133413
ck_269f1746f2609ed4,0.06496495555853318
ck_4be03a2aa62b93c7,0.008112482591630334
ck_cf920313f6dd28fa,0.03370692888591372
ck_fb00aae4e17740c5,0.014963974143803323
ck_085d8c42739e2b10,0.9956351564305133
ck_c72a7d0d03cf3e17,0.2377821801968596
ck_8f6ca5d3b17eac6e,0.04361374194111581
ck_d9573100bbff4014,0.1320663408487352
ck_79d6793d1d0cf43c,0.020617429172578052
ck_91fa5032f7aff0f1,0.08257025639844724
ck_87110d84872c0fed,0.08657069829514334
ck_8220da627e9992a5,0.03910171605298526
ck_2ae44938847f3852,0.0351038254458583
ck_b0f191e44f9b6f35,0.03214391436412295
ck_3049d744b527f4d0,0.02163950865801849
ck_47d3e8d1dd3fbcef,0.03099969636068783
ck_ddf787359d2b5deb,0.020180174103093015
ck_b27a9e39726b26d9,0.054752167539873435
ck_80c4e9274cf976b6,0.9905618250967463
ck_c6afa913168ce8fa,0.019487329473182765
ck_52427b3f8478db19,0.05169857201254971
ck_3b810f15ca0eaa55,0.018023491980777365
ck_0c9e420f97baaa06,0.7983529988615118
ck_f8540cf3a8b2f8c9,0.01427689969364573
ck_1402d24dd623df72,0.009714358164233527
ck_eb4f4267e24d042c,0.054592358929779435
ck_6f661b428d6fb8e4,0.010606008383348131
ck_519a26ecf3d29c90,0.05164533044275884
ck_e886ba71d4a6fd73,0.02410915354118856
ck_437f9ecd2016a1a8,0.012827212226107323
ck_f01af1b0c977cc06,0.01125232714225599
ck_614f777c2eb5d537,0.011403427516990687
ck_b804e784cde9af8b,0.008033044141493988
ck_c2dccbc1b24b137b,0.13541151178411226
ck_1df4a1781a0f6999,0.02856454431591779
ck_bd2cdd53fca26171,0.018875701480846826
ck_424c254249a109f0,0.02938516880659277
ck_cf2ca4f286e289ba,0.020062018857226593
ck_6c33cb15b0d8af54,0.01625741996063245
ck_311d395fa9b8550a,0.02216713409190664
ck_9f792e7e721ff7f1,0.023889007571147366
ck_4c37586080edb7fd,0.010883082751583645
ck_7c4f42c5397113b0,0.020330182615182373
ck_fc418f53ce4aa579,0.8770791610207391
ck_1ba28fb7ef726ce2,0.030933697710153602
ck_d932f98bf6b83956,0.06179019618769343
ck_248b3659a9239240,0.024162874566202076
ck_6a92cf5f4cf5de38,0.018288582046759864
ck_65519d0fb137e0c5,0.013832903536371477
ck_ddc3fc99eaba2064,0.054721170828884884
ck_7310cda3bc65a73f,0.009394538663396785
ck_c01c85bd631d4054,0.007245350093009968
ck_b4954d16b9749829,0.014922882698529679
ck_f301f6758e170d66,0.027783809819168476
ck_9bf95f8c47e7c7b4,0.02489801216310192
ck_c91b7fccf6aeb4a5,0.03193785271685859
ck_785fa45e86bc5e95,0.00854855200981669
ck_2a65f1cc23f1180e,0.012657057445858433
ck_a49a2c1f881a3560,0.028110246172510282
ck_def344d68f06d749,0.023658718635292106
ck_abbd1465fc730d78,0.017288325449559314
ck_07a5610ed28162fb,0.008149948562948957
ck_7ecdee2d7127be8b,0.10145589813551358
ck_67858bc00e81490d,0.010942025440508435
ck_b4ad165ace910222,0.01478838924063515
ck_30753ffe481a1b8c,0.07535637547272574
ck_c401a26725b17177,0.007009556215842618
ck_819988d8a7f26415,0.008513641609517623
ck_3364a1d9261b3638,0.4154847440934828
ck_c484c5bda389bf20,0.007560240413504541
ck_ae416325fef92c9d,0.9949985562926584
ck_5517b9a865960542,0.062246563387877145
ck_a0e96fed380440b2,0.02918621077141598
ck_e83409471d2b0b44,0.02028564625697827
ck_127273af97d7827d,0.026297221122824746
ck_aaa9861c91bd14dd,0.022449719150002007
ck_a378c58294001a36,0.8850629229719228
ck_abb9d65ff1f95b64,0.025842439803005716
ck_a5ecbefa849ae569,0.013529277932604198
ck_aa9953c0ca2bed7b,0.023011646064381063
ck_40bc6de252865f32,0.007874761463412434
ck_9fb11688dcfe1513,0.20399360309071918
ck_ba68841ca2ba073d,0.020402899633389676
ck_1d3e561a7d20be0a,0.9688847834409775
ck_99a92d710a29c1d0,0.06155644440014247
ck_ede2e887697ffac0,0.01877236547968461
ck_e6de67c0d82a7b83,0.013115905356704332
ck_6b38763bf5ddbcef,0.011863991501830215
ck_8dd44eead7d765a5,0.018821428738984278
ck_30bf5b0056eea9e9,0.3680464984186424
ck_2981d16f8a51a8ed,0.05463391881709947
ck_fc60f42c68c7024f,0.031668222547788165
ck_8e2b2251ee224aa4,0.01118455562577898
ck_1906f0dfaf6e9bad,0.39588457683119926
ck_dcbe6814fc4ca0b4,0.031980762704923345
ck_f7e958a286ae3b57,0.02251927832442338
ck_713649668a7ca824,0.027042966125988107
ck_6f73cdbf9305e2ea,0.05838010966238971
ck_dd1c490050cd9051,0.04456731045274754
ck_e30db36e376606f7,0.07978201481400296
ck_740d8fe8028b5a2e,0.014362470774764598
ck_ebbc9418cd41f692,0.02545919804135857
ck_7b3cc6cc3f250f39,0.08724144965304033
ck_1d30eef7110809e5,0.03287335865987801
ck_77e0589ab339ca66,0.03799495516235609
ck_15ccbf8ff7d14086,0.03683526566351079
ck_246989b0c288664f,0.04740407986976732
ck_fc2a6e27b10b10e9,0.03179492522560973
ck_8afc1112c12f5402,0.009022338048948053
ck_a76e8d83b9141364,0.04167669904442512
ck_51d3e8dd7465c015,0.008361894123086803
ck_e7b4016909405981,0.018091643235027145
ck_e7a3cfb9bf908e80,0.01192091671837069
ck_2bb49dc2388cdc1e,0.04290162969112279
ck_94f4266ee7871345,0.010509526010313904
ck_b2c896beec146477,0.08622087422100815
ck_fcf5d4a4748cdd53,0.08003109464898182
ck_fd0483639811f62e,0.15394555941187726
ck_9a21d183524734aa,0.08553835432254113
ck_1df4b46c0a4c317d,0.02967132608911414
ck_638df9e8a22dfe0b,0.014298044737964569
ck_65acc43a6dc3e65d,0.052735594139836695
ck_7c67b73196e3d0d9,0.2895730259236567
ck_b0ee3a98175b462d,0.010428231758790575
ck_20fad010969f1abf,0.01590146323427007
ck_54b087bd873af8b8,0.02766119037990907
ck_8007824431fa803b,0.1919725682668895
ck_23aab322810b9fec,0.0698259719255942
ck_c8001bdb9aafc8a6,0.01587502644932936
ck_3a34c3ac83cf84b3,0.037861181645283536
ck_60187ac2c473a662,0.7680450346891264
ck_6a0ccd7357979f0f,0.0921199142006206
ck_27f20337bef5ffe0,0.01914845427715886
ck_f9fc468915afe49c,0.026887260758632972
ck_1eabc15a94bd9009,0.021889706489693836
ck_26896c494b2768ef,0.02783282462214593
ck_348c874eaf0354f4,0.026539236106675267
ck_be9c46acd216b45d,0.02328650989432236
ck_a3cce46d15cc20a2,0.034681533085039185
ck_70804f60d9704128,0.04047416986551827
ck_a019151ca8e7527a,0.025561901370624165
ck_571133b2aa8ead51,0.0646772517727401
ck_0afa4449f20d5196,0.06317030197651599
ck_4d503c41cf4e5034,0.0304443336859747
ck_d6fb9cc5171e3e9b,0.11085037603949896
ck_05ed92a7c3e10e5d,0.10971663861621549
ck_bfb067986660afe3,0.028471461620022467
ck_c1a31690c8573226,0.0309172428115899
ck_cb88ef3dc1f42225,0.03348093121809028
ck_21e3b3bd998745e5,0.06238897240646319
ck_cf52e46fa54e4540,0.06421221349853577
ck_b72c7ac4208052ab,0.030841875468781272
ck_e6465c56b337e6c2,0.01811732709953007
ck_5f87eb05d18186c0,0.033219860253849105
ck_263f6c5ff26b5e98,0.46860459680070005
ck_e0b7e2c0bbe228d9,0.019160186491571717
ck_b657ae3c146cb7bd,0.01010611797055706
ck_abac514d8167ea58,0.043261463033185114
ck_024dcab126876002,0.016304030404075756
ck_5d8481e2b38bd99d,0.009202007052747053
ck_edf229c17d25dac1,0.030243885061844947
ck_6cb7c97b72d6b5d3,0.023913075805034222
ck_c96ae2c28086a059,0.013047446477632584
ck_2f241b97c0f8389e,0.015909511217706705
ck_9158bdbb63ee8987,0.016131107952186974
ck_e7b40b60786c1530,0.012677445189638968
ck_66d38518f68e6194,0.014462907517796253
ck_8c9b57ad2a991416,0.056717562858922724
ck_cc91bd7152d3e9ba,0.028336213988470773
ck_0d846660c7957a88,0.0673337881520654
ck_60896cdac2212bea,0.03350435957945898
ck_dc4db8b932df49de,0.11770801901562601
ck_2dc31db181150e20,0.009204650580040951
ck_2f138fce1171e277,0.0050593251380637826
ck_68b8b859a6ef505b,0.039766663348387084
ck_c3fe0c6c5e1f40f6,0.025084588234837293
ck_15886fe84866de92,0.03244251888605271
ck_ea269b35406473e8,0.016279794464401448
ck_3ce7cad1f69b71d6,0.021402068884968376
ck_054ed4288ee58d6e,0.03425442006799627
ck_3d4913a86f207fee,0.10475752387142334
ck_23ff85f9d2355e8d,0.007821847230444238
ck_d87ab3261322216a,0.0839071297456537
ck_fac046ce336fe39d,0.054018645746841745
ck_beb97e498e6cf8e8,0.029410518287129307
ck_1f517e0ebf397b51,0.037193789950087874
ck_0af57ebaa45877a1,0.006832868092581097
ck_f99bc1732ce5e999,0.020223494656734772
ck_abb056a9deab275a,0.011752456395082494
ck_0bfc394c5faa65cb,0.020193279865861086
ck_ddc865af1dd5670e,0.033506365244108514
ck_68b5542459638b56,0.036470430837413054
ck_0b1d84252c0b46c2,0.006693779860811242
ck_520ec32c4f253604,0.01670720069238455
ck_79ffcfee599d77c7,0.02718262362703653
ck_eb224c0fd146253f,0.034179868641189264
ck_0e477084434da450,0.02165820150769882
ck_07840bba5570785b,0.29656512497911214
ck_6b67fe8e310ab865,0.027441658139980035
ck_e2a1068c2fa22525,0.0758408249064218
ck_b9c6b32f6bd92a3c,0.010232458488548209
ck_c1e7d1021ae58f00,0.008968315762381636
ck_5d7801201749ffde,0.014606083622919716
ck_c8806749e263f70b,0.013967420987061274
ck_c9eeab826781dc91,0.013061625394022886
ck_309a432c160a17b3,0.012504410697916652
ck_b22e3337b8e3dbb2,0.0086433702038812
ck_79c30169c71b8033,0.947857589241096
ck_5a6593d954085775,0.013217188289402479
ck_70b9b79ea1aacba8,0.028019862276705932
ck_63743141ffa11f45,0.042952758188923475
ck_dfd3dbd0d97a642b,0.05943205828898376
ck_635646a661f05b4a,0.01812003727459645
ck_4b123d6931b6d0d7,0.20577832026607834
ck_f2b0e7a47f442557,0.17819251846098552
ck_1b1df006b81d38ba,0.01104608423643262
ck_360237c1bd30f4bd,0.007324524371336888
ck_5e84bca0e362da20,0.0277539965579506
ck_142dba210ed2f3b5,0.04038045838411576
ck_a3564236069e3524,0.029076385279852922
ck_cf36d8b070ded782,0.02207570868780093
ck_ddd6625c5eddad70,0.04981749106976175
ck_ad54292a0b2f44ef,0.0071886012330362094
ck_45cd5ef6b359e9b4,0.02022845084168782
ck_982c2392238b7be3,0.37931775336296236
ck_083e4ac78685c3bb,0.014315039174359681
ck_729cc0b46cc2e546,0.3523695191730191
ck_f2b8995fe5402759,0.008924442079763867
ck_73e24f5a8da289b3,0.027619133720586473
ck_bd85f30c36f5998d,0.08455436958885416
ck_ee4ff3aeadf912c1,0.026391411166423285
ck_63d2978706e193d2,0.02675831315295998
ck_6a0684436a1e66c3,0.024045482109968024
ck_182dc4a2f5a366da,0.01910590690004485
ck_e6fecb82fc2a82de,0.026946017578141572
ck_cfb06f07394dfe64,0.015111081795685669
ck_7bbe1dc8add17ef0,0.014336404547040934
ck_5cacad76e02c8e3d,0.4412114123959668
ck_ca68dec0c7df5a12,0.01602417457211978
ck_e4c0fc52c82065d3,0.012218005423855908
ck_f9197b070416f443,0.033001118715828545
ck_2a07c7021b71cf65,0.04079351432985888
ck_4fa85cebf707de2c,0.006082682209750446
ck_0063d2a9507467e5,0.027779397161942325
ck_ec986285fff05b7d,0.012582278808313531
ck_279d43303708109b,0.022679105417266355
ck_a406bf11e48cf8c5,0.038449704400073524
ck_064b2aa3f0bfdb6e,0.022889250839142738
ck_95790440bc4bd2d0,0.018637066051949057
ck_70066eea13b4c34f,0.020665438614062597
ck_19468fe07e26f992,0.682936145553866
ck_86bfe328e0a533b9,0.2864942451762347
ck_ace3b96c977a7560,0.015128068241195003
ck_642344e5c652d8df,0.014554702609623719
ck_074be35c951ae10a,0.02089202404155744
ck_f14dce41036486a3,0.9925048549511253
ck_5cf67a3a747e684d,0.08915697821826499
ck_f7285b92648c1c81,0.019652725486839162
ck_bef3193f124fca5c,0.04128931345487443
ck_05c4dcbb45de1f8d,0.021995447622883305
ck_d7c28eaa05bb7144,0.016576141141075158
ck_320df984791a1b99,0.026016582078029676
ck_f45bad1606fa00a7,0.017129983773106948
ck_6f81c199e986d9fc,0.023624652124756226
ck_d0c9633fed57c344,0.23863086855435614
ck_a3c25d6cc7478068,0.03379907695653797
ck_4185506d12cf9fa0,0.009901939662498953
ck_7a02ee1bfba7353b,0.011291851033565573
ck_1b52590757c0fbeb,0.014425724053889935
ck_a0e5656e1cf9cbf5,0.00956737489217902
ck_ace21f6daef94f6e,0.016033761842631188
ck_646d8d0834782d6a,0.1783614472149964
ck_1f136a4476b5e775,0.019377495737517812
ck_325c7643cce02da3,0.033657370720537844
ck_9b5e7fe28208f5d1,0.02120720522072596
ck_05d81b1a150f31c5,0.01594971460978616
ck_0e9ec486bff403c5,0.040644485310873425
ck_ee13c091bc379188,0.012060158532822
ck_f7a7f8f5903617c5,0.025213896831134106
ck_96c3a3517153390e,0.019049691485017926
ck_538dad7f096458ad,0.0049717552460524506
ck_8758fc6622bbb7df,0.0123501501778599
ck_f7e53af3c91fec64,0.025942610924091693
ck_80b50fad7f255e1d,0.03487944092092882
ck_9645e7adc08631b5,0.04960437405870854
ck_e007aedbf37d6ec7,0.008160160763128217
ck_2951d76c41de2569,0.06323426437417919
ck_9439bff87e616d4a,0.12291640442583891
ck_a73045e96af0e4fe,0.012827353820782825
ck_7b382e533e2e925a,0.014768251805359657
ck_730226c2d216cacc,0.10928625292419614
ck_bdf837d761a7cec2,0.11267454548906769
ck_0b34197335ba3341,0.011213819531085049
ck_49170c4b31a20f5c,0.009578146969731437
ck_cd553ba6589d8bfd,0.01596595907594437
ck_56b992c6f136fa5e,0.17396461073264122
ck_8beae3d7328fa41a,0.02006889168653276
ck_1a065ea906ae3d6a,0.02023410890849678
ck_e9e3381d5e0e5051,0.018696874356637295
ck_a6d4f998dadc90c2,0.824922695138901
ck_d36733da917115a6,0.030973434321796764
ck_e738e920bbd74a7d,0.01843803882408145
ck_af65eb885a51048d,0.011668372225637276
ck_73f4eb09af29b1c0,0.03514005456320078
ck_8fc641b1750a2542,0.06744261065482896
ck_41b954c7a948c060,0.025385003453096893
ck_25fc3010e8a0f6d7,0.06268305347800239
ck_a2624e0387974e0e,0.06699378266408629
ck_5cb9d7b2329d5ab6,0.01823347188709932
ck_6c83aa1d100a7cd8,0.05752818481852626
ck_67025c64588abd1e,0.019903542681132293
ck_f5dde68f6f0468e1,0.014402658217287957
ck_46bfb2cfc29a6d2e,0.021109730985694207
ck_49dddb894d33f6db,0.048758876126121925
ck_f738b633b8862d18,0.005157310798512269
ck_3d6c3c00d854f5a4,0.02710073576413287
ck_cdb8061d8d1a6c5f,0.018353409107338646
ck_5e1b81848718bdc3,0.011155709179025258
ck_8def763034187436,0.4089238615258144
ck_8f8e4fb9c6190272,0.013816371750286278
ck_368b968b5f33431e,0.00491247248706064
ck_ba7e347251ea399b,0.025389768123670657
ck_9075432001a64e75,0.007759350790364298
ck_73c5371635aca173,0.47375399884118613
ck_81793387b38047cc,0.008886928365130975
ck_0cf220816e320ac5,0.008432569871487243
ck_820219bb9c761b52,0.02253223331443892
ck_70a932ab39d86a24,0.01071070605751294
ck_2c4be237a7ed79c7,0.010909124903090452
ck_acc764b49ef02826,0.11024069258667882
ck_74c3c3452e4e7cce,0.039217275317701195
ck_34dfb57e5bf31d2f,0.036301395557608515
ck_6ec39903f765956d,0.024590506002293178
ck_5986119e7d81e831,0.026019214005643505
ck_2ddfc948b8eac752,0.15393841739391928
ck_921ff5ceaf40a968,0.038372306324936115
ck_fb3b68b4424b5f92,0.034899456206925375
ck_c3db1b3ad4f16679,0.019622988769014457
ck_124a197be41687f5,0.018190597920683234
ck_c58d9151834f5bad,0.019071030511231542
ck_389607982eb6b701,0.22022481025454294
ck_fb0c138c003e933a,0.07224379677607926
ck_50d0bb7edd8c69c0,0.07648344756535613
ck_c6cb651149dc9a8a,0.02569467147655882
ck_81e21354e477eceb,0.04131496822296126
ck_7696e38b3e4197b0,0.030120380799073518
ck_586001d3ed9e7fbc,0.015695184294837503
ck_bba413492dc46f2a,0.01650850628646959
ck_95b894380ad2702a,0.00858590941329465
ck_277621473369614f,0.991786571012773
ck_a50621b5eeca84b4,0.011913625405324786
ck_bfa7ba218b988cde,0.014576029832364858
ck_5ea89567dfe78e4b,0.00966927544496873
ck_6c679602a6476ab2,0.030685578275499354
ck_d3885e286b3b11d2,0.03497769787390975
ck_cdcf6671b37c9c92,0.013436272503568462
ck_b5c93e6d34f8d366,0.033778493401327214
ck_c24f61925dc158d5,0.058695264299090874
ck_cd09375e6c81d2c4,0.021721077738151417
ck_a95afc7a00303a26,0.011104719626996478
ck_8e89ca8b39f3f8ad,0.015132499495327788
ck_9a84b396aada3fa8,0.12740356048801327
ck_5124a2e415384945,0.06715104149917368
ck_d66bb1f063357f99,0.11713521363627206
ck_0fd9312411b0ac55,0.02090536641535836
ck_ad8cbe6e27e47ede,0.015725043291957033
ck_8398adeaf41f9cae,0.016444426394364466
ck_dcf851e7bb5855d0,0.005136921199961406
ck_9affb0f26776b642,0.01089120150535244
ck_f0424b3b36bdbef0,0.12461815895254746
ck_66746d1090d6d9e9,0.010479137457499012
ck_e5f8c8a5824db594,0.024314377632547932
ck_3e91dcc209431984,0.012059896294371729
ck_126a82e8d42e5ce6,0.020763827558768513
ck_38e4a74ab256e2eb,0.09477466714899133
ck_1225a97fc413a419,0.020907008197886004
ck_9b5ec0f78e160e65,0.04066862763900499
ck_7c5529bcc079600b,0.02898376472356443
ck_29640fc2fe81c251,0.9536673522701442
ck_160e9ba0a3f7c1fd,0.009130745838624907
ck_bff090cb4ab76b9f,0.09976513843089374
ck_aa06ed358e43db69,0.05688702301676053
ck_7264486eb512d84a,0.07573663249712884
ck_f5a32e6160b28379,0.008428711070244298
ck_4ba8bec14c2217e1,0.02607402323224264
ck_610815786d729d2f,0.04163992029697391
ck_e267999226b6321b,0.02932314414305788
ck_f3996a3c8eea1ea0,0.01876100214395782
ck_e9b75ed7567a3f23,0.10172223329062705
ck_d21612d48bb4f7b8,0.05156764810148452
ck_1f871df76c6a995b,0.03515585305614423
ck_953bd5de48ccd70f,0.40230397921428057
ck_02a9104419a6dbaf,0.06438615037797595
ck_1eeeee651e05d535,0.026378944631056635
ck_e2ab04136a442a98,0.017593157409594974
ck_f0d806624ef3d359,0.01688095461657201
ck_4b68b38c1b3326a3,0.014648220222272789
ck_74e60495f8861156,0.0368409706225786
ck_398f3f4cf05c721b,0.2562999427174811
ck_f761b7650a0c1a85,0.18595261907196253
ck_7dadef33f5e2d94f,0.9706461131776226
ck_6ff6883633b8c7ba,0.007533503081195541
ck_4d2159603045109e,0.03790425560267802
ck_a38bd07a5fac5c9a,0.05232532655052863
ck_f517f06551e69507,0.011309229110839342
ck_a7ea00a1760ad561,0.9744171183396332
ck_31fc51d5a3dfe16a,0.03035374037035195
ck_bac5233623b25ca4,0.01831637917231166
ck_385188ab27784fe3,0.06842288801508126
ck_9947a323bab5cacd,0.06947914565347309
ck_7973edc9f22ee7b6,0.02194893839739303
ck_f97c477986043755,0.03572511379330394
ck_1a3fd2cc4b4de196,0.017593659492249066
ck_e18ac29ea62cb435,0.043866228601290545
ck_9720a472a3e0140c,0.01204425394177894
ck_668c7fc7d7e47c0e,0.011290762776652556
ck_214af0806470ef48,0.015897073199158698
ck_a46c1773f01f0be7,0.05359506313017774
ck_f2bdcfb4203ffdee,0.08340407452299584
ck_40e84e6ffe788a4c,0.015825512331074893
ck_dfc6f5712d8d6678,0.04199048197220017
ck_01ef1036b2e66a4b,0.02427318946345346
ck_3acfec10eec32f9c,0.0166450618770745
ck_084a85145c15ed77,0.02428251683489544
ck_fcdb4fe2f095fba1,0.013401576391948267
ck_023908db0a193076,0.031213234299111596
ck_fec0ff92fd622253,0.010663333278802454
ck_c009c97d5fafbced,0.05021662286709195
ck_eb9f0c06ee017ee5,0.020926885030705264
ck_d7792b429620fc24,0.021699186620536895
ck_5e9e149a3b69c726,0.015990509204683853
ck_ce927322ef8f651c,0.00934369369858378
ck_b8fd61a8e82bce32,0.9382001555863653
ck_9aafc33fba1474cb,0.008781542459791092
ck_ce81ff9b8b35562f,0.026937789207760656
ck_25bfca1d8eaa152d,0.008689963670073972
ck_170c65860e2a7e23,0.018151857540156482
ck_952da7ca9f33decb,0.0619618216406169
ck_1ebd574406235957,0.03380870802243265
ck_589109a188adc2c1,0.0836678777047998
ck_f0cbd5383bb07778,0.05046641269705536
ck_242521e261148fba,0.011605963243617855
ck_509cece86a558de4,0.11783450340044803
ck_0dd7c5925d28755c,0.01668074987380059
ck_a7e669cf1c3985aa,0.024134932597062043
ck_acb84dc2351eeb76,0.03060326097014029
ck_b837c7dac2a9b931,0.039735819061597184
ck_18eb1f9181f95df4,0.00894107438473922
ck_b0b9047dddb1ec84,0.6699190691684113
ck_43aa136bdb0a2832,0.11560786052965734
ck_3e47f8c56c811700,0.012404989159906725
ck_77c587d24695ea15,0.009495834378407673
ck_20578ac693ea4e93,0.02170283181894129
ck_b9f6040eebd1605f,0.0740967067688501
ck_ca9d86f65cfdf018,0.08587427683265969
ck_a4fa8833995c716a,0.016233292220102707
ck_f589f1e29301b5fd,0.02763817896617355
ck_961ddb8ff55d868e,0.01024436979895761
ck_5662492a54e6688b,0.15418954978823607
ck_ad48826c1c26eb78,0.12122719038654398
ck_621c9ddde6bf2eca,0.032644882030748695
ck_417a3500b2c717b3,0.022075963719030596
ck_c7e129058beb3ac1,0.036764420939999515
ck_ec1c902b9b9b9c5f,0.04645649023590847
ck_317360ec0a67d27e,0.058723168044842
ck_3e3ea5d8c4a229dc,0.049412372756674226
ck_d11d27de7bf0b973,0.016222331661146377
ck_d37d56e931105db0,0.016550246831507374
ck_4863077723cd6ce1,0.025899815680264678
ck_479a065d5903e9c3,0.01212623290790663
ck_e66ae4fd586fedea,0.0073007936490048185
ck_192bbfd0d5720134,0.009733323860135637
ck_3b436cb29af99f3d,0.023707955752399708
ck_7c7ca54969eed187,0.013109617738888791
ck_826ee896c9f1144d,0.05861244419802378
ck_ba1f6dd43fc8a0b1,0.016693594042109794
ck_49685deb63e4e8f8,0.025242687192939584
ck_687ab5d5554bfa79,0.30504318585843093
ck_41346ccd9242cc8f,0.00947180541195005
ck_8f8e5e2b9dfec3d1,0.02418374427047553
ck_94d5ce61a0c50465,0.05571735321440218
ck_6b954c75aad8c012,0.049507512674998734
ck_748af92828c9d288,0.007479570433903564
ck_dddd14091ce812c2,0.017090465560911167
ck_723323f6870fab59,0.011630034943278546
ck_dbdf8d0708cc6718,0.006793978674278595
ck_f04938570a154de3,0.010953386386537516
ck_58afa1550b3b5294,0.0678040234133835
ck_3b150afde386ecff,0.0374784821963205
ck_666b95e75d99ec4e,0.2593569909117036
ck_e00332597cf1eb24,0.011935592187138773
ck_9a9e3dac79280d7f,0.5627740363863639
ck_e8d37262e859d9a1,0.013401576391948267
ck_895bb39d24bc1c4c,0.018662485124911664
ck_b367449195e36499,0.01851323308504273
ck_d23f9a50d1135ce1,0.05843048391582579
ck_670dc4910cf476c2,0.009751302471287448
ck_3ecd8a5ce65e21ca,0.01149928491157915
ck_8584fea2df4c6317,0.01411725886055164
ck_0789ff4562202b20,0.010082268454287778
ck_749e0e50c3907be8,0.015359075871518245
ck_c3ff6790cc6d7e34,0.028495576312966262
ck_75fb7e56432ee4b2,0.10031470540000301
ck_529fc3170fd11abd,0.09853954373197796
ck_34a69b3b4a681796,0.4101016946535474
ck_255f0e5888ae9e23,0.018940753631250144
ck_65be698386474170,0.013552046648468657
ck_5eec9ed855c26000,0.025063532061370717
ck_5ab39bdc9610f6f3,0.14816516949292038
ck_1b5b75762f033462,0.017449661383029124
ck_d3e208671cf37f91,0.3080326696472804
ck_5068ee554ceff971,0.012635260857647494
ck_d7d50fb57fcb2d0e,0.011955709380770646
ck_ba6e1115fceaa067,0.016169754282695414
ck_d07bfb16a4a7dac0,0.9109214758640036
ck_ead68310311690c8,0.22634943277265762
ck_ee53ce862bc9c111,0.014421860208630581
ck_97e56e6037024dff,0.05405997446504269
ck_80b04344c98ec072,0.05055616612108276
ck_5954f45a2ab45f43,0.012949998480263179
ck_18ddf7e836256e3b,0.014496826080850522
ck_89a1a780144d808b,0.03159528852981961
ck_a7331e8b808c39aa,0.07942298362740505
ck_a1fd0ad03ff9b776,0.0185994395456806
ck_c0cf50eef030b401,0.015330467039261492
ck_074f20921189e7d6,0.014744748448153109
ck_e2aa7be60794593d,0.02169608539521055
ck_72771757dfb7f7a8,0.03549490585507826
ck_a9cd84a6dddfe584,0.009391738202975869
ck_142c00f9f8557504,0.016705763465054105
ck_221b5d40358230f4,0.04791848669690953
ck_a2d7a563f520b7ea,0.012166214682335924
ck_66cd34bc568d95e0,0.023791562706267935
ck_a17128972d3e507d,0.008527216339361975
ck_bda299466bb2136e,0.026263933837185498
ck_2b699066665abe8a,0.021842865101285018
ck_0ac9848bd4ba0c14,0.016099348277967555
ck_98d2f9a6ba3a3077,0.4032214552450912
ck_a872df31b28a5f7f,0.09024347522226753
ck_7e73e1d44ce82ed9,0.014055468485645265
ck_1a415416f620d49d,0.6852821561542709
ck_c95c786d2f8b8edc,0.036882289621600686
ck_e45012f22b7f91d5,0.007603556554958579
ck_aa0b083e2a6813eb,0.22956193800319807
ck_4666232ddbf77756,0.044694845754127674
ck_e08e9c8ec5f23d8b,0.017802610162948908
ck_31d4c0518e5f52c6,0.04978127753474625
ck_c1ab40638f04cb02,0.06802422470679739
ck_4c1fdd1669c7cf51,0.019419872698240775
ck_11662cc7940ffc82,0.038414245138118495
ck_2e679af24adedac8,0.05051361803129932
ck_454b9e21b7f25a4c,0.011444316746043619
ck_355c4f29089731e8,0.2353173121914729
ck_507e40760a24d2d5,0.04662798227406655
ck_0943e0f305078e34,0.5883451381864812
ck_abc54ed7111e9ed1,0.005111017054596292
ck_a60fe02fc04407a9,0.10662753747818947
ck_244b897bb4d57c1f,0.01487543844056808
ck_8c84fcde93a04334,0.11281492993171438
ck_9eea37d2de633b27,0.03585162592343324
ck_b2cb9e6610eca967,0.013604271539774995
ck_09aadb4c41b166f1,0.09606116747356265
ck_8d94fbb4828ef326,0.008637040997481029
ck_089e3a07abbe3b8f,0.01603055955389199
ck_dfee9de05e3971cf,0.021756627245843367
ck_6abf8302ce052451,0.040642929086644984
ck_6ffa90143838a4a2,0.038804342569775836
ck_325caeab5c7a9c3a,0.01017613154630051
ck_1964ee9db929a173,0.6042393580694609
ck_942b95988a6245a6,0.10126029931855397
ck_913ecdeeb8e21a9c,0.03046597910137015
ck_ecf9794349eb4b3b,0.020012071051505667
ck_b6cb8d6ae828eed1,0.024180003535895972
ck_2f82ea66c4f53b33,0.054293430489303525
ck_6e676daa4855b58f,0.01573852369562678
ck_2a37fef48b44e9c8,0.008131854732897754
ck_3bd12d468fdc2450,0.00983168119933398
ck_1a28b6a40a6bd3b4,0.019996878706129897
ck_61b79dec96d15713,0.019721614105854074
ck_31d5e3daced93d3c,0.1445670736463066
ck_e6c8611c0cf233d7,0.021542569789609972
ck_f04761b4a937ac3b,0.011229785242397443
ck_38c1c75cf055031b,0.013752027696812188
ck_59a561f3df01441a,0.029913465265673293
ck_04e40f556a5062ef,0.07813618609184478
ck_8409716d174635b6,0.049376614131911745
ck_3019afee83342701,0.013610625778642907
ck_b51a58e7f032c9a8,0.02172683225751525
ck_5043e474f848346d,0.06077676077501818
ck_4388abce33ecd01b,0.3556627370637216
ck_c93def7392f0aff5,0.10321453919015053
ck_72e7b1acc19df820,0.03684465499144382
ck_f253130dc3ca5b3c,0.009990201398322055
ck_eb264d1b180d4b4c,0.13627967923746281
ck_c2504f5a113433ee,0.0050806676897519835
ck_c16ab1e4dafb4910,0.0888849417909916
ck_4bc42878fa180991,0.03153202093658901
ck_1c771a7c78f6622c,0.04237801972459904
ck_d523f0e50a2747ad,0.01512460344482731
ck_9060f4e7ab7a1b0c,0.7146888046176177
ck_6b55ec4e87a5e22c,0.054965881077098135
ck_55fc62a5f89a7251,0.033045015071509504
ck_bd2545c62f258231,0.07747892854795112
ck_1ccdc69d0bb712b4,0.018399301942460443
ck_710f867a3bd5898c,0.022618588290911273
ck_f91d48c40337d375,0.09067822493405932
ck_f76d929541ed41dd,0.02087813681005933
ck_e26a6659c237b650,0.009668832157333301
ck_184983177b73dea5,0.021856173244326312
ck_6d0d081bfa8a0022,0.031361678211731775
ck_2f6e64f638da0f97,0.05008332357310457
ck_15b93103ccd38609,0.008737478085441662
ck_094d10439b7b4eac,0.011028227841911677
ck_d2ca47180a926ba2,0.013831684686896276
ck_a69ca7b9d70972bb,0.007907096443734603
ck_68914e67343a7d32,0.008462664305354537
ck_8176616132458c0f,0.03947945500288636
ck_eee99af3598311b8,0.03628414222190432
ck_94410eedfca91304,0.036730505394218904
ck_cfb11a0a2325bff5,0.01714694520879287
ck_75217ee144b715f8,0.02368658750717939
ck_d56fc799542299b8,0.010085428018201512
ck_4c352dd3e7c81269,0.34949420450565827
ck_e23e50e02cb3904d,0.08556744105260276
ck_b921af37d500e139,0.0645258412220414
ck_82181b935360dcbc,0.8548370293496245
ck_22a7cf3b99c5e5fd,0.031446704208138034
ck_f67ee7910d532216,0.03153461712077049
ck_5f48762a14a0326f,0.056868727585392895
ck_1757fcb0e6e3f88e,0.09532784250262394
ck_2c2f080ba185016e,0.035087348219310956
ck_4c25570eb72711b8,0.03554637261163169
ck_a3be871ca22ac416,0.018413998407678177
ck_ab70961e7c6695b2,0.05935469423568335
ck_a1cdebfc42a52448,0.005942894002340233
ck_f1b80b821a20186d,0.02965738998658397
ck_ae668e4564cd2aa1,0.015995955138502545
ck_0e2bc3a5afa439d8,0.10908927976798333
ck_3dc378f37d0b74b8,0.008992189738964224
ck_9f9555197480d1cd,0.16413402954513737
ck_bf4e7d48770a4a8b,0.02348870043402902
ck_614ef655f0685060,0.021758697436026115
ck_04d2ea38ee27770f,0.012950057624692122
ck_e03a9d8ac94161d5,0.09878664912640309
ck_d4007b5b26d9d854,0.017959142904124335
ck_2dd147ce6d61749f,0.03054752011800065
ck_ff45764ea7d6619f,0.02262773709958055
ck_dbc487cb0a6c18da,0.3616616934679331
ck_791d5392bbd80447,0.008240133017740243
ck_b4068439c413b150,0.033022272372144376
ck_85df7b7de9700aba,0.024103158870267923
ck_001e42551cd06e40,0.03283975661849608
ck_a6c02ae50932cd9d,0.056213458193205716
ck_9fd0be2c018ff5e4,0.22615521833068714
ck_32a495128395fde5,0.014198512159655455
ck_b6f2a2fd232c141b,0.2436835610048952
ck_28dde633692904b0,0.055069335430192726
ck_a1a93c5f375f6021,0.03045108633051964
ck_e3982142336782df,0.030750628960791233
ck_a9812ff3c111ea94,0.014509513393058428
ck_f04062216f95fa00,0.01904138442541663
ck_7c560467daca735f,0.0066415334731697966
ck_76ee10d6e2dba70f,0.11033680697574122
ck_3521243bdac61178,0.023659591924371545
ck_28588fb03b320520,0.027495391618047888
ck_580dcec33ec232b8,0.03851270325077662
ck_7109923fd7dab20a,0.02164829787080787
ck_7c872c99481c1e9e,0.011429190095156085
ck_46f4e1f5026f4d1b,0.00754707263768857
ck_00d1ebc31ec4653c,0.04337935022558889
ck_aac70764dde15168,0.08183895304526143
ck_648c03f9aa4e45f1,0.024143269473225447
ck_5478eb69ef912785,0.04249316703442473
ck_79b8523137bb2603,0.038299054465861966
ck_795c49f312640019,0.005554868003163361
ck_89184bf7b7fe41cd,0.24206948429477373
ck_97d4bd922996fa10,0.06778074638233038
ck_1cef30d08f3a598d,0.030178337450265092
ck_2f9fd36a4a40a6a8,0.005527414819772185
ck_40780fc0f8d6f309,0.025151515911364542
ck_9083ca9fec2a7f4c,0.014912384839581693
ck_62081bc35aa59931,0.02001256263212625
ck_2e1b46c5fc56b863,0.08147786392028282
ck_3d139692c51b604a,0.05784208442883156
ck_b5e54e22e3d6960a,0.012295389843969879
ck_c0c4be3f44311b04,0.007339479407801738
ck_82a8bdd2692c2a5e,0.02581677928912172
ck_bdd2da300b530c5a,0.012810974308791512
ck_ee40498cd97183d3,0.014668712536382468
ck_70b9274473bd6dfe,0.007488036757937745
ck_473d6314ea614b29,0.013568557297419313
ck_7443d6dca8cd1352,0.011358881942672264
ck_3b49768b448b071e,0.030654400400127284
ck_b43f04431c267dea,0.023537786147788117
ck_4424a5223ba2fe00,0.04378522834942706
ck_819bf3e8231f4081,0.018170974123051402
ck_91d417507a8c58cb,0.14474900900271742
ck_e88e86b19cada4aa,0.022308613068155094
ck_59684167f9c6bf4c,0.10984561150251443
ck_d5f5b0dc97b9dc27,0.05277263166135798
ck_13d1b192bbff8f32,0.030169818733866746
ck_b21d8630387cabce,0.009735617059029738
ck_e4ac22046699b99f,0.02238058812977051
ck_74b848064f2ff45d,0.008197614144882605
ck_166aa980cc87fa77,0.04188888876098442
ck_98e337806104dd88,0.15781996149000246
ck_66eb09be007f0755,0.014778296219887353
ck_3ec9b9d8dd7be11c,0.01824805692021066
ck_8b8b9de339d75d0b,0.024625643750497198
ck_6715139e240007d9,0.014247044456233315
ck_a0255ab46e122d2f,0.12692884946486224
ck_66e81a4190c33510,0.05835271427356966
ck_5d75ea4f5c9080bc,0.031588486341004404
ck_df69858b8a8b3165,0.014606083622919716
ck_e15252ebd7553422,0.059589693395801134
ck_34d6d74bb3ed11e5,0.00967149942840926
ck_c2608f78f6851d10,0.14600385151690173
ck_bb99071e8f58c8a4,0.057604093082260686
ck_06010f0df5b7cef8,0.037514129039601475
ck_8c582eb0f6c0148c,0.012050060651197401
ck_0034d010d28aea78,0.03238084038377942
ck_01c1f06692566ca1,0.026392820090555408
ck_4807726e797fb893,0.022778256636729017
ck_edc9668282e3c8cb,0.2112276092677458
ck_5486768475af7bb5,0.5735534876901853
ck_3fb9813849e51837,0.13778116804311907
ck_861af5a9a9a6d619,0.024354624190282215
ck_da39653add0f1109,0.013539644711230732
ck_74a4244eb1f162e4,0.004314878309170465
ck_9a930faade55b8ea,0.004525130952298148
ck_fb6e06ca88519dcd,0.015345202560335537
ck_9776cd8263a9f415,0.01797125352272848
ck_b3dd1198ac5aea73,0.017228878729565054
ck_b6675a04df1a4276,0.027899495786840166
ck_5c7ad6e731b69333,0.25418160927776245
ck_28dc0fdbaec00580,0.033268730190139956
ck_8e7a32f7e3905f4e,0.020944473114849836
ck_8563fed6674afc77,0.024938816435025365
ck_9a2fcccb82da663e,0.01768103580585185
ck_6a519bdac0d94527,0.009657726252125892
ck_a0dab7aa9c4a39a9,0.08604249416312724
ck_a3ce05e9e5e32142,0.0397995626546176
ck_7a7e40ee3f97c035,0.009468943025539172
ck_9e9a830785112a73,0.017078387568817705
ck_ab1bb02f6b189304,0.07326526385532486
ck_7b8cb0f90fbdc8c6,0.062292852780621216
ck_b138fc249e659e60,0.016074159121003535
ck_e73caa3771ec5e0f,0.038197776085321516
ck_18a55b06ccccd88b,0.021845742814195462
ck_fdcb1d9265d8fec1,0.09129510997087063
ck_e21a900556b382ad,0.030967313963044144
ck_c6bf67470f526771,0.023262210597475255
ck_b568ba3837afb39a,0.008736275063654151
ck_a2858979dd5645ef,0.007469650644178376
ck_1da9d40837ebaa57,0.03803365739689034
ck_9341c7959543c542,0.0391799612481689
ck_c8ad86806b9a2369,0.021550275069753544
ck_5c85d93ecfed4b0e,0.025518750546722955
ck_f07b09879d697b82,0.013552843981302718
ck_fe43da07608b1749,0.008913352156592818
ck_4bca22b5926b9c28,0.007586901861215534
ck_aba573aa942b1d41,0.015695213711467586
ck_57c14e32fa4683bf,0.013788723784092051
ck_891530b489ce402b,0.011039547907426896
ck_5e74fdadb93ff293,0.012879343845007832
ck_14436a409ebcc90f,0.18961015314353022
ck_00013fdfa0bd37dd,0.011217457145056854
ck_7dbe24ba01316775,0.029880959787430796
ck_0e3f80c1553c591b,0.038653423358822554
ck_3edc45db58760d76,0.010719939026197492
ck_29076a13f539187a,0.23635829985400705
ck_b1e81b58b9a545ce,0.07434940535173655
ck_3f8571d4f7420b2a,0.03232504749294085
ck_7dff6abe4bd644dd,0.45963475770522455
ck_2884bab237af16b7,0.02545565908418013
ck_231e6dd1fe708000,0.022239353353561933
ck_33ecaa7b892e73df,0.01618012706838657
ck_b109ec4c63503030,0.0414303813781739
ck_a7f522382509cef1,0.006567278751081669
ck_748b3ea941d8b3b9,0.011849407168694473
ck_29f3a1737a2d9634,0.014883108415498999
ck_cee8d42475a0f020,0.031817010958060714
ck_c6b6ebe145a8ffab,0.2908747814045732
ck_21c99e1d6b881894,0.017354976219487207
ck_5ad798286384484e,0.06342161253927843
ck_b621b6ffcc7f4848,0.024283009742797443
ck_ea819e337233475c,0.5239164616533918
ck_9e3896c2668ce06b,0.07171946495627161
ck_501dcf1ead036d2b,0.04165332527561104
ck_8d5eda29a2cffa3c,0.00786070354104328
ck_4d3aa36ff83f1132,0.06222172836614957
ck_8e9faf94e3e6c757,0.016210852629577686
ck_ce0ec41f96951048,0.021545506145009892
ck_f09165d73ee903b1,0.013775219987487219
ck_a432b1bf1d3b3d5e,0.16856028475299178
ck_ea618f720ff0b4b0,0.008729177528142945
ck_7584e7bd755cb28a,0.013981808904752414
ck_e14681aad43e1a72,0.008649917793836217
ck_5e18870d8e30e379,0.034281613297730565
ck_ff7c26a62bda8089,0.009256274046328247
ck_cc5a35175d381d5a,0.019362375023028414
ck_3c25029e40aa8a84,0.006780172521476806
ck_771247b5bc16c12a,0.010010967075455873
ck_664b5e02759f985a,0.009238880113484988
ck_692a9e8f504b9762,0.008399000178385161
ck_df8ad2deb0a4ffed,0.017859824046661785
ck_eb48c0bcd12ea654,0.02932864786981194
ck_7c77e597c951cdad,0.042230958405629695
ck_4f75144c6f3b13ad,0.011771279692468002
ck_1bcff399166d7c43,0.007426402565989053
ck_975c2aa3d4a8c51a,0.010028091832353614
ck_bc6f07b06aaa4ce3,0.12522293963158893
ck_80b072b7f3c7e8e5,0.021853429228804937
ck_471e4018a23b4e56,0.04967394774334241
ck_53cddfba570b4a3b,0.030202618902734176
ck_630530e50764f229,0.007856468933674225
ck_dcef7887a4f1e435,0.018667222499787077
ck_2795921a055643f6,0.01158858018279474
ck_7456df89f3792235,0.009730797848704528
ck_5014a3b07e1f049f,0.11791806999101073
ck_d4ec44760cbe03f4,0.01279578643183516
ck_96810ad39d4cb7b0,0.02627342603411923
ck_3222ea25aa29bfa6,0.020945706145023314
ck_f6c42001b84a10cb,0.1835204508616345
ck_5ac86682385c86b8,0.01896678882111959
ck_4280c33af57eb4f4,0.022274758853319313
ck_05f79ddd8eefaa56,0.008992189738964224
ck_3a57a13ce032a6fe,0.02907116586516481
ck_a721f0d635fad68a,0.012955413162140769
ck_a3f821bdf408c326,0.009506160613516654
ck_0ada63008be5685a,0.018900642909449945
ck_8c949bdc6e8720fa,0.04592278454769593
ck_c0d2c56f9c722e99,0.6581814122428999
ck_5d2b9e6e087b8dfc,0.9938554255994184
ck_5217b55593a332ca,0.05504617645695744
ck_7a7bb9be5a7e48ad,0.012005731876176658
ck_24cd0d779e866287,0.08150019670194934
ck_7367917891a63771,0.050289906054734504
ck_4b31a8862a857e6e,0.38229611777088174
ck_81429c4910ca46cd,0.008916249607286231
ck_b35d803568f82d9a,0.04870064401962657
ck_4b00e75c2d2d0522,0.009292466964096859
ck_77fced07f6dff42b,0.011323205880297556
ck_3c9a06eb07c300e4,0.009706555135994086
ck_b3867f7f494db64c,0.020170557051490418
ck_0c45e54897ab34e2,0.10568597826342552
ck_507a6a580ab55c76,0.12126812027662243
ck_291bffc7809f896a,0.02749012260540914
ck_3753cc5b9d02e2fd,0.012974064153685185
ck_4f63d5245b3ac1dd,0.02009006977380255
ck_9dfb2ae78659240a,0.016631159413328916
ck_90f6f5ced708aa75,0.013355294833793488
ck_8b5b5a6b5539e39b,0.48661342650027806
ck_4719112b55d20161,0.02815753301737806
ck_fec888a7108ca52d,0.9631795031731926
ck_4f5d022c99f118b7,0.06565832023138528
ck_e967ff05514b697b,0.06235049562135468
ck_839ce35819bfa4fc,0.0084661940918507
ck_bdee1221b9addff8,0.006860331652183128
ck_9cde4036d0914427,0.016260082502024993
ck_5ac959cbcc5e98f3,0.030620153621865456
ck_619842688294dabc,0.007646048777172103
ck_7373d7b04c7799bd,0.013488374519133844
ck_c1dd3feb9a0b6471,0.022650377512863477
ck_0324a4812ec319c6,0.03585939347268364
ck_7f3685aa2933b251,0.02073332481403288
ck_06aee5a62a67a84c,0.03005884388590506
ck_3428910b44b9d08f,0.09280859692515744
ck_c3ba7534cefc1de8,0.08266198816175621
ck_1f1273a67cbad5e5,0.1050996559478062
ck_124565a11b2f8bb8,0.07457055710028172
ck_38e46bc861e0165b,0.16972276057597774
ck_c8ad3f01319c065e,0.031538734269053036
ck_3f94a34f5038f7c1,0.12376640783582463
ck_cee56be5a502fbd1,0.05799731876051355
ck_2b90b76cf4d162f9,0.014606083622919716
ck_884b2e463ff1d54f,0.04184011322270754
ck_fab4f2f8531b4827,0.08655528700440401
ck_4fc6256e0e60a926,0.027318429683960636
ck_0a2f8b2f8a5b6f02,0.008587642091794695
ck_9c0deab8a8367c5e,0.012706992208111534
ck_d3a2a4c011fa2554,0.05284920357489025
ck_4108b4038f762817,0.8266945074625314
ck_4df036e2aa7e1056,0.010547336064360247
ck_ec094eb1cbb3efc5,0.0048321451268480385
ck_09f8f51bfd2492c6,0.023509499224366764
ck_b60fb9a10d6f4489,0.07260843861120936
ck_3638bc3388dbc1bc,0.0882871383860849
ck_7a58e0cc9943c39a,0.010071034746658648
ck_37dab6a0a536ed49,0.054129001074541445
ck_adc576690df5b33b,0.041431564807255426
ck_1383b2b1875000f2,0.01925424670212209
ck_43c1248db37a2eb0,0.02197267863148693
ck_29c11bd68858e923,0.019190995775648225
ck_9401f9e11f65337d,0.01928149776701436
ck_ce5ed372b1a2ed6b,0.02882978481632827
ck_08b4619490e751a8,0.7620869003226165
ck_44b9125526acb05d,0.015025568755105998
ck_ef1a1de20d2124cb,0.03141907477833021
ck_e5e2624b7fc89774,0.030694467455870286
ck_f5100511609b92c0,0.13944510493456855
ck_64f3bb17101b7c42,0.007949523659657318
ck_ea1e5b5128ecba2c,0.05064582416711266
ck_516163fcf04d5e77,0.018036017611694627
ck_7f9a748110d70005,0.03468139859624148
ck_d263b55f0a681cce,0.03133170606555807
ck_0e962eacf98a813e,0.015676006897996624
ck_0406931800e0e2e6,0.027439560811808726
ck_0e9b982afc88a3a9,0.842460409688616
ck_8bbb625384edebd7,0.0068689886075363575
ck_5eaeb87bf6207406,0.9838611239177834
ck_cc3318839c4b0745,0.007457211666032486
ck_08a0355d1f1890ef,0.0732235590621623
ck_af7ffd1a822460d3,0.16960340269105526
ck_2a09c7aa870edb6b,0.006517132449540302
ck_bc04f51c23290bcc,0.01661259265348179
ck_d3a8333cb389f4c6,0.011314703727126422
ck_88e3dd3039508332,0.02163790509026445
ck_b8c7771de9b57705,0.03292759540132851
ck_585ababa02383b50,0.24122834523060838
ck_e988c108754cee9c,0.0073115801159894765
ck_4a691892d9d6cf89,0.011402188276804275
ck_7cdce37d895eefb8,0.009855906907490055
ck_483fb981a1fb4317,0.017247921712094716
ck_c1e5182bd99e0e35,0.07448964270918314
ck_9a1e3ec9a1839939,0.01902606880954497
ck_5c3f13de0dbd5086,0.010453092231144904
ck_f4f6f0caaab70040,0.0116446728278136
ck_791be3378dd7d64c,0.010710075589251937
ck_956dd784525f5886,0.10060445482478977
ck_098167eaf124c279,0.08999507500648134
ck_33ecff7914349ebc,0.01034563130805257
ck_e05d44e46c7174e6,0.014726510674245935
ck_1b2ce474fa6582b4,0.05906021521984415
ck_ab581082e8f72e3d,0.007769181710698919
ck_e63256667aa19070,0.03642431378113385
ck_f568772b6cb3febe,0.01577744976215826
ck_dd89a282375bbab6,0.08144967189182382
ck_a39d0bca345b492d,0.06289246881541105
ck_d12d2924d0f7a64a,0.0067519586553437825
ck_6a548da1728b5823,0.9862861768093066
ck_6d64193681d2a94f,0.1948801513097383
ck_ced6b6dcdc7c201a,0.030111565296814347
ck_d1b0699d26282871,0.012782290949817041
ck_58f757e40a9b8877,0.19335696377188805
ck_3272c2c4a37d5220,0.3865002653829943
ck_d94dfde9e03c9d1a,0.01949929671991156
ck_08a6d4903a7fbaca,0.013700066203338216
ck_6c72a36b05fa0f4c,0.07255701743858142
ck_dbb4bd4eda97255d,0.014533398450884059
ck_94b59bbc824b307a,0.008942166578198059
ck_0229a07185f15469,0.009993589404642027
ck_11bf1039f8b3025b,0.07286353859776366
ck_36789ca11459131e,0.020907909859186787
ck_8572c5f5c1447c62,0.01358627230815872
ck_9e75c6641939f4fc,0.04660677407282374
ck_b45e47c39d4dc7bf,0.013098695539948212
ck_02903c48b6cfd65d,0.029430551243260234
ck_b153386f1729de81,0.20866643989161318
ck_36979996f33498f7,0.7066640511284923
ck_3c02d4dbbf6716b6,0.017949639136684698
ck_66c9a19963957531,0.03186478122239561
ck_bae8dae7cfd8baba,0.01574866870023708
ck_bba0ccc6cd968680,0.02045861604118006
ck_3267fe3aac05c71e,0.05749221561272819
ck_40052cac10562cde,0.013926567579237478
ck_d973444855403e2a,0.013872549979409857
ck_012519bb095ad36b,0.9799438675740707
ck_ad7c256ea10c4a00,0.07520971011469776
ck_70a60e095e9b706f,0.01193712588764513
ck_f2734417c0db4ee3,0.008673460494237478
ck_9cb89cc3178e0172,0.07237136854212702
ck_779cc0f2de4d5488,0.08899471683458438
ck_35f8656bf93e3b3d,0.009067163214672217
ck_bdd8eba728800e29,0.025072704436448698
ck_002cf760d173f0f8,0.0583287875721248
ck_b046067c6ca3831e,0.01684701262030171
ck_a4a42d4bff8af645,0.01762036687096501
ck_bce253d2396681a1,0.015096037077784757
ck_00dafc060c8de32a,0.0706505690710122
ck_968a99e097ee78c9,0.059049260161511324
ck_66949171b387bb93,0.016633337639796287
ck_ad305286702b1958,0.01904645288270284
ck_4732da7e0d2dfc7c,0.04242315854044186
ck_17a95bba77217d85,0.012913321197277602
ck_3e2516a3e35067e0,0.006462240906419944
ck_0b615ed566da1f58,0.009636680591670305
ck_d2b3ce1ebabe9f93,0.021010386692419607
ck_a892252e4e0c2828,0.015144219726240518
ck_cf606fd6ebfdf9bc,0.0527232510082751
ck_718865237134ebe8,0.09774672909077012
ck_878522cb775b904c,0.039143902445432636
ck_9ed53de6ef779ae0,0.008690258164485614
ck_3f16e2cd7e6874cc,0.023017107160243404
ck_3c59df37895ead2d,0.0210777143066326
ck_6821459b626d492c,0.03136748740308523
ck_11c7667920541587,0.011375421194606038
ck_23a016cf6b98d89c,0.013401576391948267
ck_7137eeb394d200f1,0.024260388653219476
ck_9c4886c5c90ddbdc,0.019832645843125052
ck_1422a7bf7756294d,0.43773909891474894
ck_7ebc5fa7f0d3b8f2,0.06373722373078214
ck_fcc2059a8d5c41fa,0.16824449479274578
ck_00ff7389d6a83e29,0.0838319281720086
ck_03129b41457795d2,0.016360820123525476
ck_38ba64efa7c38250,0.015304147187915394
ck_57a6b56b09bff24e,0.011113192938217359
ck_e3b3c5a80a567418,0.012514653956472867
ck_fc40a16adfced018,0.03818782137948093
ck_9d4b5e6b43bad4d8,0.013084478834315632
ck_61129937ee466b49,0.0312150821842125
ck_74112e47b8629c2a,0.030166118242698624
ck_b4703ee97f94d7fb,0.007864031389633557
ck_e560f720a988d8a2,0.08556347219264877
ck_708fea345f68037e,0.003305007591002707
ck_25394c1b83e0b803,0.022516796049104844
ck_17ab24fe914ae44b,0.013565453155610951
ck_16c501470d9bb006,0.00999267480441655
ck_628f449e248c19b7,0.05509040291433602
ck_6d64190623dea714,0.016969587160691198
ck_504a45ee08db72b6,0.008452355955078199
ck_6cbb011e0c70bc7c,0.011008746028682334
ck_b3225a98acd04f83,0.013802788985467879
ck_aa37993f1c17cd1e,0.0537430471664999
ck_558cfe5f77a55a9d,0.012483483278465577
ck_0d0a1a021efea5b6,0.028081878267137365
ck_daf7aea023b7a8f6,0.11117007644414946
ck_d75f25184ece2b51,0.03532571386225747
ck_466d4b5366c50b98,0.025270703040459346
ck_88f27ab479063852,0.2110752976102211
ck_66779098e78c1760,0.04830991003715604
ck_b150fe4efb449b05,0.06810646782569031
ck_9c3aa9f23d01fa1c,0.09425116541011314
ck_6a01c375fc26705a,0.01570480040903196
ck_002eb6552b504ea1,0.11643289888035227
ck_affa5aa0bff9bb0c,0.034177831288754776
ck_027614eeba8b1a4b,0.04479161912885625
ck_67e075c982add719,0.026445857051771767
ck_399b0d510be98bd2,0.011655514845827365
ck_e9b0bca7368555ef,0.015930395865305088
ck_59c29d9c57b4f994,0.039590382617818706
ck_37176850ed68831e,0.008054416889714902
ck_a0db4ccca08030c3,0.10798202020389874
ck_aa188e5c25f7f42a,0.025989762748646283
ck_7de6997178207800,0.023896349323675913
ck_c729d19053387be9,0.05175794345112267
ck_f2d3e3d90608596d,0.17494200181210745
ck_2db3fb565e0211ee,0.0501315018022462
ck_bed8a480e27e911e,0.03095792156225197
ck_d7ad9921a4d25926,0.039044084324547576
ck_2a59f23fc5194699,0.09257221787850756
ck_63601a58a6120d8a,0.6660626700154276
ck_efd7b9e22c6317d6,0.009232402061776413
ck_9ab42875a0f95b43,0.1891747863097228
ck_85cb5033fca7c846,0.059056893356817776
ck_5249b223000915ec,0.02508005432985923
ck_3efb0e9bf25612c7,0.01078176308730849
ck_678e74532ac19700,0.2062366445886852
ck_a980b296c95153f9,0.010246703560320904
ck_01ac687ce0d696a7,0.023255162564215708
ck_52e1418cf1aa9871,0.016020440483827853
ck_7d28da4f1dab09ee,0.032404213931527835
ck_010d0c2e6c1657fd,0.011601929136850389
ck_b524f7a2e752b9d0,0.11645296569335069
ck_cc447fcc24a0772b,0.2902813626350939
ck_2cb3c99845e572da,0.00883649331145241
ck_604c710141327a81,0.01778443083340304
ck_8d5fa65717d2e0c6,0.012445389784125207
ck_31199510b40602a1,0.014847443021650055
ck_49e253ea12f4e922,0.19129366836623848
ck_780738e0d71e7e43,0.038506747070329805
ck_2cd21137a07fdd7d,0.009769364617829632
ck_5e021f2a3b66e256,0.029636237247601727
ck_efbc79246e32c66a,0.028183471539874397
ck_9951bd806c13c7fd,0.012994675681030451
ck_7a52674e2806d8f5,0.03596049215177217
ck_1a319e509f1efa1a,0.008600588141648567
ck_c920901b9a4ba993,0.25259861888968443
ck_b71279e807d0b3a7,0.023619417489351383
ck_47e1032f490bb018,0.018310611730841645
ck_192579ecdca7ff83,0.03864327787989063
ck_b1496c474c4a3239,0.00709263701715682
ck_5e68ea2c5e893cf0,0.039854193294746716
ck_f2ecab85d4693b4e,0.07723232771658524
ck_89d7bfc81c3df597,0.03988714933357162
ck_7929284327667791,0.10248597910197953
ck_494ec63c5ce8e150,0.006942530657372277
ck_319b059bb2145586,0.07070971400459111
ck_ccb3767c239018c1,0.013866836985011856
ck_a1c7adfe26e09a8c,0.01777442671713645
ck_0e13c4f73818149b,0.02350995191095331
ck_c285a51ed6214f52,0.27192013543088844
ck_916784595f028226,0.2608791411616663
ck_6cd8e0196365c474,0.048981154425146306
ck_57b657aba4daffde,0.029278398789530972
ck_562c76a3753fc7da,0.5816493715504698
ck_66cfc1ebc9a513c8,0.007462255649270587
ck_0f38d4aed68d7d24,0.05337472682312891
ck_d8ddf5e99f7859e4,0.015562503036549902
ck_41bc3efa0fca700e,0.019911207882176003
ck_40799e129fcf42c5,0.03608038018988973
ck_786f079389126e44,0.02242349971586123
ck_bb4c6b713eb0b978,0.42911287994076236
ck_4f01f7eac0efaba5,0.02452384820319287
ck_47d29c01b20cf69f,0.0366517791035194
ck_bf15a1f8d67a30d3,0.013317878419853898
ck_bfecad7586f65e4d,0.018996090596485028
ck_fc9f16df35190eb4,0.2113920230080181
ck_c09c914e416edd08,0.10104427307847628
ck_c54c5d8e4433b0f2,0.011132591988114933
ck_1694c28f44480e98,0.05623357830809242
ck_1dcaa3078dbb7571,0.012074480522974843
ck_af559f990c640e41,0.016099835503130558
ck_9b436162039a77d0,0.030358344003388504
ck_79d62ef181bd0cd8,0.011203635746945046
ck_23caafc2cd34242c,0.02233135400385399
ck_ffe2aa26f597e552,0.011196727804937448
ck_e6ffd0754ac08661,0.03491296437837525
ck_beaacb4a783db21f,0.01931943881993948
ck_9863bff41d24ce9b,0.03938931441219268
ck_323b9cc5c49f8ea0,0.8196414131098281
ck_ab3de3d3e41c2082,0.1292873015622233
ck_35c93b2924900376,0.007983334150232106
ck_5a9d5f9901e37e31,0.06788081210326552
ck_782b0be796164335,0.018139781461842308
ck_11960b5f1c7a5e2c,0.009847187233471694
ck_9a66cb13a9884cc2,0.012518077957000634
ck_ba666a425930615a,0.009224866826718877
ck_40140bef4db73741,0.009402596720396726
ck_e05e91cc180063d4,0.023526442544215844
ck_c7f6f45710bc050f,0.01729403558770519
ck_055fb9f2e1c8c934,0.02333021743817955
ck_58bb02d98e2b9cd5,0.039398025111176876
ck_d9f8efa6a7800f76,0.07478312512800371
ck_69691226c68fd50b,0.5024205535438782
ck_6f2f0396e5b1c538,0.9753522924825551
ck_78bc3f1d0f35ea6c,0.019769299776138703
ck_2d5a6b6636a2596b,0.04447495020137811
ck_7878545739af0a73,0.0182587985044477
ck_03c4fa4f3ed3512e,0.008656712807793426
ck_1a9e51d092d62c84,0.3064349185775634
ck_9f3861940d8d873c,0.024418236196489904
ck_4684fdd61c6a0fac,0.1746795793037572
ck_715966f86d5c913d,0.01082674197358604
ck_77f293d44b4a3d2e,0.0688099598105442
ck_24dae044dc05f849,0.023795454545621958
ck_00b9818e2064405e,0.10152893312629177
ck_c1c2cb49c3c1b0f5,0.20964140321401736
ck_bed50fc64fbbf8ec,0.016821790771578866
ck_4f6ed5ea5ab7c429,0.10252802706003099
ck_458531c22ec2f9b3,0.01048016183454031
ck_51c50c4c443df31a,0.9808926361299416
ck_732d45bd578dc39d,0.037751303692107545
ck_783fe5bc20cd02db,0.02336050177077905
ck_7f188aaa63d1d442,0.02058797412050766
ck_ef307a6aee38d1fe,0.19307640878831075
ck_e37196b20968b73c,0.014922882698529679
ck_4ef9de711c3d93b1,0.009362997892295829
ck_17946516d5df71d7,0.024333101481982148
ck_3534be0f4efd313c,0.0157314161150529
ck_29fbabf855cabdff,0.034214341890482
ck_191673540d8486af,0.01558723585571237
ck_5f52728d777ff2c5,0.028067016592749676
ck_a045a19369016818,0.9927548352356739
ck_4eadbe7298b15e96,0.02499452661744793
ck_a3a0bd59729fe619,0.10747695195434674
ck_a1e77090b1c6ccf4,0.4921723220969434
ck_69ab9d4784eb77bd,0.03271968586992646
ck_baa47383ffd50f04,0.01140376090979412
ck_e35b2ed08b9e55a7,0.025725230088500785
ck_b6e3af0a5119d9a0,0.009380272944899959
ck_a7c1dabf3869772f,0.027002412434776767
ck_80b8fca67a14e0be,0.045470876919685724
ck_dd9c5f0c42878e67,0.008652699087866136
ck_41ef7967faf5ce82,0.006526924590263506
ck_a93560aa348d6225,0.023121727535585005
ck_ffe91d6f0bd93fc6,0.03781312044898332
ck_fbf630c960194033,0.1507721646942875
ck_497ed60723283c0b,0.08158747234819849
ck_2a46b7ca55239413,0.02291403143990924
ck_1a4e5ace078dd782,0.01275275430488033
ck_616cc31910f5de50,0.006344139759601481
ck_0d65bc749eb42710,0.020269912991407776
ck_2408db62e4395ccd,0.018948122827138425
ck_5d7721930106dce8,0.056039344033508576
ck_e8a6acea22b20312,0.03607348169422118
ck_e2f792fae128b18e,0.04986532804831906
ck_e6d3ce445b86003f,0.09918248149094418
ck_263334d722ecbc97,0.6313023635095536
ck_8c5b29f6666d4874,0.09098969764278482
ck_7ea0bf310fc20c7b,0.44387054069409965
ck_54d463f7fd89ec3d,0.015324993501300656
ck_79e45040dbdd6447,0.025046044093809967
ck_60b4d59953505682,0.8153445294844278
ck_fb00dd5021642507,0.04279774096003724
ck_f409ff994a210601,0.02528263435691395
ck_2ca0020038bfec58,0.04555311356122596
ck_adf84b9df54c3d80,0.04228863371408083
ck_942dbf632591b65d,0.07957371310647024
ck_454a7e4d859a3409,0.007003101361749911
ck_2139062d4569aa07,0.13432258792127674
ck_e949a0f4df0b3902,0.11617688333598371
ck_bb113e3e6716ed65,0.022622646169549756
ck_6a28ea6ce69cb869,0.04119988498634308
ck_7df9910af2bba21b,0.00876712263496881
ck_78aa4b731cbfe251,0.03473858900961577
ck_5839f5cbd8165b1e,0.01087240250104274
ck_7158ad9e58769ffa,0.27663163741447794
ck_acee218cbe61df69,0.041656880240950274
ck_f8dc8473c2772729,0.0188437415804356
ck_f34c93a8173555b1,0.04172421518997524
ck_7cf301d075e4e709,0.022417748232356042
ck_b87e88ee5512ea17,0.024167559672858475
ck_bed0c020b10afa3b,0.00904970896998122
ck_ca10102961f99eb4,0.009243419807619497
ck_393287947b5c8d79,0.025460147461165986
ck_2fe6cac002142f67,0.06771175589086632
ck_79c7f0d29b1db1cd,0.03134481357950659
ck_c735b643d3cbf67b,0.016931256394857746
ck_ea4332c8fe48e2a3,0.012102592697922212
ck_d39864119cdd460f,0.016075208014094892
ck_3b963d6be2773861,0.01732829658350702
ck_df39e3b8a9fd0bfd,0.08120473618081303
ck_6236a461dc0d11a3,0.024172896824083176
ck_475ebccca25e30d1,0.01744059117499059
ck_c10c8bcf5bcd516e,0.2107264691456183
ck_49ccc3716a564256,0.012085470303623372
ck_4e4f99102f6938cf,0.05258786495743401
ck_a97b481ade6f7972,0.020674949845165817
ck_3fa559c679751b3a,0.023489976488633945
ck_3eba1fd2c7acc4c0,0.05756086335345762
ck_18c179b4afc4fccc,0.06761113698894565
ck_cc1c0b93d05b7d20,0.08016546822971705
ck_742f7c28ddd019e8,0.09803280741300911
ck_04470bc93b8a0d71,0.017628653146318535
ck_6e8f8ef7a03cc6bf,0.014585249409368261
ck_eb1ddfc353b4da83,0.06798856451481315
ck_98831b57c7ca2e4f,0.02049980714998966
ck_a6c7b8d6e8596d4f,0.03418318847464045
ck_cd7d24e3b095e96e,0.2859857923108451
ck_3f5ae4673a9f858e,0.02797187407633841
ck_05f375fc8ae0afb0,0.030444241715763688
ck_1fc98436281ee39e,0.08067950752962513
ck_6c48c58678f64bae,0.01310402770870346
ck_8c95aeec6a4c75b0,0.04465789019043999
ck_364cde38958b7af3,0.06162710773858958
ck_85bf21aa1a00452f,0.008438959340786577
ck_796d3eaabc667c23,0.9902274281579653
ck_ac449ee0c315edde,0.02864673416253871
ck_6f9fd15ac6b163de,0.0629806551158978
ck_4087065be2a45ad7,0.24052451662864824
ck_ecf006bbc78ee3eb,0.04151929270112125
ck_8ca808cc5a49cb5c,0.12377123237295953
ck_94b90ab8b2dfb50f,0.013970857446930858
ck_59fd11b3232de9dc,0.5416442220984901
ck_67f3794d93e2dd67,0.14730726996290217
ck_b7f5acf5df1bb13e,0.014454687232593268
ck_fb04ecbaebb774bd,0.028175803883051728
ck_68ef3e7301c621b7,0.027236434911604483
ck_41406cfa209b6bda,0.015471601143778062
ck_b0f8f5408662337b,0.00606235831118871
ck_0d2901bfe585c391,0.059890843966979544
ck_3398551e81dbf3db,0.044033659113938715
ck_61c3e3e277629646,0.07038677786675852
ck_2825e34dd3e7ea2a,0.02912728886016016
ck_20d7571ba830009d,0.14623647978557336
ck_c98b16f9a72a6568,0.012706074125385885
ck_e7c8a9e4641eb9ed,0.022127098410880074
ck_254a7c97c36dab8d,0.043062095675639935
ck_e98429675b46272b,0.009520182929993874
ck_c2fc0ac460786d02,0.02817191841635841
ck_fba15647b3a140d9,0.015817631111924482
ck_15ce50f2704227be,0.01672348265931065
ck_8c748aaa4a4554f9,0.008166702559208337
ck_e00e82a9419ff086,0.06960173656776321
ck_832341c98254bd84,0.01037457124361716
ck_27466468d06db4eb,0.04259313628918609
ck_9d7b9e3ff1f3e71e,0.00914055577585756
ck_42c6973d3a6fe983,0.008819213688095877
ck_877c85bad118bc62,0.06340334735813971
ck_75d2a2715259c4d7,0.11817637983495025
ck_37d3e5c681a2214d,0.21870707048561375
ck_bf285dd49f372de4,0.014599670201372778
ck_a5bdd026fa9c50fd,0.008547056811003876
ck_88d9244a9cf7a77e,0.5085413882753995
ck_5881b174e49b04ee,0.016788964793118397
ck_5b16d67c5ea89930,0.008770483457570458
ck_b75b936aafac56b9,0.010224538567165513
ck_aed2681e1646a0df,0.0588061791774738
ck_f63cb5e8cc702bad,0.010746825449268454
ck_1805fcfc4a9e4ffa,0.5147642382373612
ck_25c355da356c730d,0.04491480529357445
ck_70396398e4a96449,0.016473541126480695
ck_0f743bd13373748e,0.014689028970345248
ck_4b387765f0e916cd,0.008623630797687172
ck_e971faae8a10a260,0.038231806537908426
ck_9eb08369e983abfa,0.005595554763892108
ck_c30c5844512e429f,0.06024235095464693
ck_59e77e3a81f1fa0d,0.017703191146727325
ck_ca4465f2b5c1a52e,0.9778005366000948
ck_c89b9ca398402f1e,0.019462637126337
ck_36e72ef9273e7a95,0.023614582504056274
ck_2bdd8616870e5e1c,0.021869793498095563
ck_216e87a41de22b5d,0.08088404675004777
ck_60f4fb44f5efe3a0,0.020154978478462742
ck_05652e8ace6ce6cb,0.012881953492623192
ck_8c136dc691e65695,0.004704519491126224
ck_a08f8dfadbdca112,0.05866276947537626
ck_bda4041a3e90d860,0.022167233687193217
ck_15dd3ecaa8ce0245,0.21701971595420438
ck_3e3c64b3b7876ce6,0.015119684824704546
ck_46225858a38b2e57,0.011447770283955341
ck_0cb9f54928f4feee,0.01466596341733183
ck_152671fbf8a9a78e,0.037612506987296894
ck_ee7a515e87d17d4e,0.027961980736249066
ck_f7276091bf513d22,0.013338223152202624
ck_4f05daf1cf0d5755,0.02841461413369568
ck_83a69c4a5d55ef19,0.01212345741055459
ck_c50fed2a7c9198c0,0.016961934901619166
ck_70d19d5650ddc8f5,0.03858566856603332
ck_4b4d99e443618904,0.02650034259627958
ck_dca0b6ca93311ca2,0.21767943665464903
ck_b7431d4706461ec6,0.02860587935539456
ck_7b59d22cadef3b05,0.031573015010362845
ck_53428573abcd606f,0.01905546853013992
ck_f538ab6aecf2adfd,0.01759040478797927
ck_d321249fb065d2fa,0.08524914821177469
ck_72fdfc7e6d8e1436,0.030702290550001624
ck_b52b99dad89ecdfb,0.038835631223485045
ck_d2d4282f9d256b3e,0.00998734805176694
ck_c8f2a1dd8a6141a4,0.04457899668538018
ck_8d38747058d0aeea,0.07160410674577376
ck_3ac528caac74f563,0.01773697812229611
ck_8dbaaa00ad829ca9,0.012208628048374056
ck_7c38ec898f0fc21d,0.026567355577204466
ck_8171ef803f5ff604,0.03215893201219059
ck_01a750db6fc1168a,0.03015730909211119
ck_ceb017baa26e98c8,0.05504088121448269
ck_e2c66c72cc0b0f78,0.01928077626888884
ck_8d9518f64b222416,0.0602448924108477
ck_804c5a1fa5753617,0.07774445791530613
ck_fca7cc9c42695453,0.031119841268278124
ck_3a632cdf2c19051b,0.05654796247150056
ck_b2b63ea65edf1dde,0.0187281789258463
ck_27b07021500ee841,0.031969310773665195
ck_9724718fe64c6557,0.9897444973600328
ck_2786cbc3e75ec034,0.02736992726633642
ck_d9c2622cb6df380b,0.027972147949037903
ck_ae1da8ee98e402a4,0.10988019037204728
ck_62967b91504149f9,0.03189666689198094
ck_6b255bf68709109a,0.029555171202103256
ck_c55afc68421d85e2,0.012772535130338046
ck_7c7266f6ef2a8466,0.03801222573344748
ck_885cf685a9541190,0.05330515574376417
ck_1a4bb7d3d2ee3227,0.02968532718727446
ck_b4911c42f3bff740,0.00927567067427664
ck_66f9f78d4c6a3edb,0.025228584253727006
ck_49bdba9ee1899dfe,0.009737826619719775
ck_79b235d51718435d,0.03413403675445017
ck_d840db8cfe2ef6f1,0.013986569271035176
ck_610c7bcc1cd7ecb0,0.025359588796936994
ck_cf49b6544aff6c50,0.15297755110563868
ck_de05f97c3d40dd1b,0.04416697107108024
ck_0302f67d75973dce,0.013828249652869674
ck_54c2604c9ca6256b,0.013896077463615042
ck_a1c88c0568f142d0,0.06787363425755201
ck_5d72ff6cc2963d1a,0.0798372483204266
ck_0446920a1004c596,0.008563582484620804
ck_71044c29ef071570,0.006962225110916538
ck_2122e9bb1afffef7,0.009557384665875
ck_d1e3de178601d3c2,0.0191899946058762
ck_bec8324a3587ef04,0.0212719908403997
ck_b616b6f45225f319,0.12454793933501619
ck_ce1e695884511479,0.011686667793332753
ck_a662b4bf900781e4,0.0074785302617774016
ck_b5a84c5547378c10,0.009687117438802496
ck_f80af368cfc6cb7e,0.048759478592497796
ck_da3526ab6c5c884a,0.06386081012510057
ck_bd20be9a3392d79b,0.012635684297142185
ck_b8266dcd90cbfa62,0.008738433121631846
ck_ac84b33304362c06,0.02864013706530374
ck_794d8935a895e33f,0.02027291062693059
ck_8fea7d915259f1be,0.04086482022743615
ck_7a1519ad5ff45312,0.034632861454264
ck_9bf3ce30b65f75c7,0.019296924722903598
ck_5f864d72d1eead99,0.026129235802771815
ck_3c48e0cfc2a58041,0.41809334360678196
ck_d902183f80cc81fa,0.06036684097520173
ck_539cb0d117db8cd3,0.11092803574191866
ck_28f530aec8e77130,0.05419275111097956
ck_e7d903c50d353361,0.039355222417784406
ck_d288b77d1e227970,0.024910155559675923
ck_017208fcc01b5d40,0.015223172729425744
ck_7e3923d278a5106e,0.017328445672950405
ck_9700a00ff9e66216,0.03562793757757965
ck_5c36c78b7a4d138c,0.013024163699337085
ck_c457e9c9224b773d,0.023151990712940752
ck_1dfa91405d7e66bc,0.02432621293880261
ck_f1d8a2695a575e56,0.008495329241742554
ck_3b92a46daf8d00d2,0.017859130562458806
ck_aab23b5470469649,0.013208895618113512
ck_ecdd01a391610d99,0.032956249107291
ck_abd3aa292f8edb4d,0.04230337512670543
ck_7fc9a0776e1339e3,0.011234525998819292
ck_c0389ebeb0e65cb8,0.02713097093927112
ck_48d0fc4f6a2109fa,0.5415062471435752
ck_571dee4f3336c7ce,0.02125376072887915
ck_4cedf26628c84f26,0.24459320123680195
ck_63356762d24aab81,0.01082949921000176
ck_2c5bc11bb7ae5d2c,0.31124473945644127
ck_6d26a152f900fee8,0.010593533774967663
ck_c972b0e781efed3b,0.024128322160918435
ck_fa0ecbcf9a33d6ce,0.01774560147014156
ck_fa3a766e49dc77ae,0.01725978935488045
ck_7baf1e55db0dc558,0.008918426284662079
ck_e8bc49e6494c1f37,0.02866571834265572
ck_8ef1d05cc1e53e7e,0.028368257236154572
ck_cef2a485a77e0723,0.019961628509332384
ck_228a583f23abff48,0.012945935845534775
ck_ac32c6e374782b27,0.06344296389728778
ck_b9485218cef413f0,0.10930720388175016
ck_7f15503048915d6f,0.013448327754918301
ck_b62f5144db15ad34,0.04622590499092768
ck_917d82c552f95a23,0.011922162422742175
ck_fb4797045077bc6d,0.005849296510260876
ck_2cf8a44e041217de,0.11700841068525059
ck_b7dd681eb3d2ee38,0.023555425615159536
ck_e9e8cacd2fa35e79,0.02136335899737635
ck_342a79f91de5d1fa,0.014768251805359657
ck_2c91f62c05685ed7,0.02340712445184656
ck_e30cb64302939f38,0.018055211237900843
ck_d0e95b90ba86da10,0.025078956050469704
ck_1774faf414a5d49d,0.4621640323374597
ck_2401e8ff89e574fd,0.3741571529987852
ck_0cd8802264e0a1ef,0.012241314573040422
ck_da84a0dfe947fd3c,0.03662450909809902
ck_c8affb27ba7fb5db,0.045866386168006784
ck_bc7ece8787ca7200,0.009824213548339051
ck_469a0578d05990c2,0.013388634426480882
ck_eef67f8dea702338,0.050335087807394235
ck_4f490e379e9ded9a,0.010265541583572183
ck_354379de065a8ff8,0.007001353350465337
ck_5db1cb368bc41ac3,0.010858544021120074
ck_9b1c3742dd6fcb8b,0.01121708757339652
ck_63ce4f44c92d7143,0.024698192936368005
ck_e15e3390f5ed45f3,0.020692665544618783
ck_da645ea91d66aa6f,0.17782445912700082
ck_834ca727df855f07,0.04368172612844923
ck_e1d5ad20c737c745,0.059098202267015815
ck_ff8059ae5fa5f1ee,0.005349663179677329
ck_8bb9e75393954a1f,0.03822489415271327
ck_4e1757d1347ab387,0.9733082790959249
ck_af3f74b1d75a5d95,0.019981698457585444
ck_6b1ab0742ff04c3e,0.02129620998750286
ck_f56073911c9f1ab7,0.005658419946639856
ck_51bd5f69b4fe0b92,0.24957856973303016
ck_fc3d95030b81f416,0.01738612254284606
ck_cf78169633a1600f,0.014598803078900513
ck_ad7269eaa65c67f9,0.03414359151132892
ck_cc6d33890d47a6cf,0.014018025214949626
ck_bc8f31f4a2ffa1ae,0.01074573290325326
ck_720776a46e56dfa8,0.014493151171313745
ck_e2d1f212f259539b,0.013534419425089856
ck_eaf6f7082c3db2bf,0.08215892289028323
ck_773efe58c6278c3c,0.012828699669179884
ck_c4a72c09f2fdacc4,0.037494883018612354
ck_8982888dd6611143,0.06577272851245713
ck_9d5049e195eda029,0.023102807660055787
ck_de58ef6f9fe2b546,0.012004752160237143
ck_c0b50c11e4f5adf7,0.026196670992400473
ck_ddaf228487858bb8,0.04055274806908063
ck_eb2323215ff70362,0.031161034582059856
ck_168c96a1a636ea15,0.012182855636942528
ck_9c46711b14d9eebc,0.01658930377753497
ck_de8af660806b97b5,0.03396937793931595
ck_6ab83f45bf16eaa6,0.01485962235414023
ck_bf2228a052815840,0.01504844121646093
ck_3f943f20a9da9bff,0.009232179815219965
ck_3baae40454c00938,0.03422752798195878
ck_bc2e771a1d8d2dee,0.013176575377867651
ck_e55f5ca37f30ce8c,0.016619087155724122
ck_4ad5937bef176d89,0.01125549717122678
ck_126531a9126c17c4,0.011538349508335892
ck_7ec423cb56257516,0.01377691189759263
ck_54748ae0f2daaf10,0.05559317863196926
ck_ff24776280ceeeed,0.018284632003451987
ck_3c3a1a1365741bba,0.012452810688645163
ck_615277c8a4e2b18b,0.007949523659657318
ck_a96aaef34173aee6,0.03156789989315022
ck_bea56db7f3e930e8,0.012145468277148418
ck_ca491debd3b32a59,0.02275104004574956
ck_d9ea77f4114a389c,0.020928356000528555
ck_322ffda3332d08a2,0.017111754362919968
ck_c40ffefe4e30b001,0.03626638093124411
ck_3b1d7648d4580bef,0.02685785794788817
ck_23981a3261674131,0.007666752776627512
ck_11667f5b9fac7bc7,0.012594877195760863
ck_646bb3c7be5f0817,0.030693640272581105
ck_ebd0a45712dcf07a,0.10189109347832784
ck_baf43bf1bd963f9f,0.04225903402133336
ck_e0ca2c819658f6b6,0.9913874773851262
ck_f0d6633d0834fff5,0.014604197242852437
ck_91081be0254878a5,0.20115693744540195
ck_1325000bc7f35b5e,0.01527013220183437
ck_c624b9063400fa3a,0.7029106406997108
ck_0ad6fa0e23c3bd0a,0.0811045741744008
ck_6ddb55b1f23c6cb1,0.012814224566798265
ck_dce1fb3acd65562f,0.028369182540941097
ck_a9aa389688ee5aea,0.012632793966880378
ck_5c5284c45d9ad8bf,0.07821301212331025
ck_9ce743dd3e92549c,0.030639098791708952
ck_8342e08cc2f9bcb7,0.008240780317795769
ck_25e551a0a8d2fcc2,0.10610551013690266
ck_d4fd0e438c97e0c7,0.14885095384344393
ck_ac7fe1c344190c50,0.007857976442565775
ck_ddd65711b5651f89,0.03205849744674492
ck_ec7406cb5cbc8f10,0.0048633541498109435
ck_1c65e8d5be3b9c60,0.13540913446310898
ck_38ee42f15a573e81,0.021089402278178876
ck_0e5385c70c6de025,0.021529959629864304
ck_d3137f0f7629040b,0.013769896754087914
ck_9129c92c12e0c8b4,0.0146887641746003
ck_c86520a00e50a926,0.07422581027701343
ck_87f82b2b5fee757a,0.03619004235062011
ck_643abfbd7548d0c9,0.061434564521137325
ck_be51f4e5e6b85768,0.17479462316911892
ck_132c16312f37810f,0.010261055610307416
ck_c78c096ca8cb33ac,0.048144695779071545
ck_2ce5afbc014763b8,0.019318614969274842
ck_50ed8f4e7ae6710f,0.037965519524752855
ck_5a4eb535c9a11993,0.01115600946758507
ck_9b665ef46d785324,0.010887153593202754
ck_e066f71f8b296b7a,0.015486513621180696
ck_560bc6017870ab06,0.011665152654561807
ck_fd78f8a8663646d7,0.007127555309642545
ck_4af5ec61ddbde1a4,0.0042044401021477185
ck_c2ed04a9d218410b,0.004728116961069606
ck_2455d43bbdd2bb69,0.024745776016116706
ck_56eed7041add49a1,0.19760129217539296
ck_5f0be7b468a72333,0.009599551092246581
ck_19660cec756632ca,0.020201598705129678
ck_fb90408f4892a21f,0.01759759295317097
ck_833a65b86a5d9bda,0.03288011803920143
ck_2ac36e1dff211d38,0.10918702957201092
ck_c00e70606904539a,0.016280771648101672
ck_ba8affe4b9505a95,0.26084093065957614
ck_0c3dd22587b08018,0.04638803291959051
ck_618c4e5cfae99dcd,0.02991709253055607
ck_c9690baddfc4177e,0.015004938972768824
ck_59fae092fb0c4aa3,0.020290134791618935
ck_e03b7d0fa0b28f4b,0.010443402982471576
ck_d451d24c780b5884,0.008129791855124092
ck_e980d325b8dbb8dd,0.029596320497623018
ck_cff18e2d8c520272,0.009728250448038392
ck_a0e46b67e986ab56,0.024781101225657937
ck_3a469039a5b9d963,0.030343883216587684
ck_12cbb211ebd2b437,0.041301842301352504
ck_b8cdd6d6dccc4554,0.05796846117459316
ck_794ba5921cef50c9,0.041073901170922515
ck_2c7667f64edec2b5,0.018368620387902122
ck_7262b4e0c29c942d,0.007833847779971382
ck_5d818522cbfe2a54,0.019225356661057073
ck_de39c1947fb675ee,0.11990242024860379
ck_c021495606b4735e,0.01194895371833238
ck_1fc03ba33edd9e67,0.023493559571363887
ck_a6fe344bbf67f14b,0.022867124466291845
ck_963762210edc5694,0.05285654089938452
ck_d064428b7e7dc409,0.036684371900269734
ck_59be61b53d971611,0.011658130434568308
ck_ec8738ec663cd2eb,0.008048019315324995
ck_59d086fab5998646,0.02079769450843564
ck_bd32dd3b2cbb7888,0.9685879859000429
ck_ce0166addb93bbad,0.19712095944321817
ck_7c0fdfbb447cdc04,0.04824360495738102
ck_cb1bd7635968ed8c,0.04054380951482829
ck_66f94903177f20eb,0.013021782537055162
ck_1d7cd5dcbcdafd7b,0.06586855132024509
ck_5e418a7c04437b4a,0.024025408362767037
ck_631ea1ae91ab333e,0.044750488974456534
ck_0a8029e79a5ae7ce,0.134265619739357
ck_c4cca8278bdad9b9,0.012646764451539479
ck_4dec3df58077a257,0.03312299085259262
ck_609c249edd88c565,0.007646550697495704
ck_02e5f9cbbbf2f078,0.03450681527547279
ck_32e486859130458f,0.4691339567886263
ck_21ed2ea6386c5a07,0.011284288277853188
ck_1242aa4496576a99,0.03170016868472534
ck_475ea9aa6d3898b7,0.026516454320025917
ck_fe1b1adae3be70a6,0.028542153397610185
ck_c5414d7a8031d4f5,0.04245952205935081
ck_ca1f6f01868e978f,0.0328104994791201
ck_5eff0208c74ec714,0.013048096273991778
ck_a315c9619a317609,0.066268486437526
ck_2b87683c90acb852,0.02633941959852322
ck_7cd9f39c50748ed0,0.026946017578141572
ck_16a06d58d71935bc,0.147710718886702
ck_d116e0e7c19b878e,0.1716318660617096
ck_931510e384b1d0cb,0.013218813714156731
ck_e7651fb87bb24132,0.03242219570596625
ck_88ef9f85948e1a01,0.01424223869675939
ck_17bf38d51115a8f3,0.021179458509865665
ck_2659d1d3762a2825,0.03232688061230345
ck_a7285955e2852686,0.01388086464079124
ck_f2c33d5b65b321db,0.020231660256171003
ck_83e5979334345622,0.021315234956439104
ck_629537d8b4d0f395,0.009435827492525348
ck_72022008a92c9386,0.04136424629294115
ck_2973b8274f0bf69b,0.023443251567793706
ck_565e3418d2f4061c,0.009308744162082378
ck_54bb53b8f8ea32ae,0.9904311943754645
ck_af0a6540ea7a36b2,0.009998179234063159
ck_888651bfc2c8cf70,0.013107301705691486
ck_1dedcb48ac381a1c,0.36559139720734907
ck_f73273e220296be8,0.00900882060182899
ck_8424bf65223a5a9e,0.02132821694181779
ck_337b930fd149a696,0.013168299854465756
ck_8a4952de8a123ef8,0.08811430197136381
ck_884168153c9c0c81,0.009916625420940729
ck_fdda581aec411010,0.007107626853779647
ck_2b7cadbc8b180d32,0.17936341848988868
ck_8aa8b9968233a1ab,0.03292903753451607
ck_0af18b3ce015d294,0.015619528112793548
ck_8dde670a735d1e90,0.2676030811722339
ck_62f46226f244139f,0.04404944045630951
ck_f948e8a8fdd79b4e,0.010093905010248944
ck_fa00aa0f3e859904,0.014580955757091237
ck_fc7935f784a4f249,0.021695909763825946
ck_e7501307c0698e5b,0.008584754437286693
ck_549ed417f2834cee,0.06866237189246638
ck_fb2a35571ec719d4,0.026747912928724193
ck_25822068c86c856f,0.010554010136405242
ck_8f35d229b62c8f23,0.25502067155463143
ck_bdcf049c1e7d0c95,0.015257668173337128
ck_0aa9db36eb16422a,0.006120918389102505
ck_42dcf92e9e016922,0.024453882024571844
ck_42341cf31c08c981,0.10469287007516373
ck_0b20bfc515ba42a2,0.13928034041217707
ck_0ec820b670d48098,0.007051416751877017
ck_1f0bafec397da8e4,0.026543035201022185
ck_82f07504ab59ed33,0.041900444228751194
ck_337b24a474010abb,0.995343081546607
ck_703703bda38fdcf8,0.09808934911530635
ck_01e7960c63dca3a4,0.6901063897298458
ck_be5bd81e3715cb8f,0.6347232572847463
ck_197f8058cea1fbea,0.012590821293810438
ck_eb3fb1106f2f1b21,0.0227624162023244
ck_658b4b54be09a4bc,0.9707062689358444
ck_266ce7ccf41ccc50,0.015021374784512499
ck_110608c3b03d4038,0.28606918139453397
ck_1be8cb95d6d9bbf8,0.006928977213577186
ck_8e16a64a776afa82,0.6319610497953481
ck_34bd190d37eda534,0.02796204050669244
ck_4f521611ae14ae66,0.04918012488382305
ck_d839798f9520363e,0.07978529403929821
ck_d1bbfd246c0ac9d5,0.10929568233458754
ck_f19030e6e85a6776,0.039844604650340995
ck_cdabe60ab59f9d5a,0.05399216985077447
ck_bb84b2b30293f566,0.034263578050802414
ck_427b91925952cb40,0.023083699382762547
ck_1078b1e155b5b640,0.013315832101256732
ck_95fdc264eac72fa0,0.054605304552986664
ck_e35eb857c61548b2,0.20966484470620314
ck_69bd0b1abea7e1f0,0.08576661080761652
ck_59de511b20c842ba,0.028245900756500988
ck_168e7ea341a36b80,0.020676371232880273
ck_4937cfa6526ea138,0.05924620483097007
ck_bb1a981306b750ac,0.026377125914754548
ck_f42a43e4c3f34ccd,0.010615252065872997
ck_c7ae1d4b3ab38185,0.029201912461068038
ck_bd23cf9bba1dd33f,0.04724458312483213
ck_0fd826fad7ec7cd6,0.09605720428792522
ck_f143641bf3dd0414,0.028988470594759293
ck_ad6d48c20a3688a7,0.011873242290779597
ck_7bda5b5b927b2905,0.18472456732364922
ck_a337eb38eefdcc88,0.025352804413270574
ck_403da2a2d800df9f,0.08219026223005314
ck_aa01d5aafde73d0a,0.012713353491617872
ck_494954023f0eb309,0.015211556373774573
ck_1c6820fc38135ad9,0.04847700722228362
ck_0e0bab173622db9b,0.0402238214342065
ck_547090bf35a3b243,0.014148777871654037
ck_d69455220b21dc9b,0.04001116716354945
ck_90b4ac695b9c6bf7,0.025410088979815757
ck_8d2afe17c0082e6a,0.013921644847677663
ck_926b81c0ba528eee,0.006240945933313157
ck_ce36b0c287bd198e,0.009593453718796342
ck_8026e017909aaa6c,0.04159638119561657
ck_dfba788f35d4c372,0.020074120519521826
ck_f09f9d0e0886e0c6,0.00852074959809104
ck_4ffe0366df388604,0.017796646153785747
ck_75bb521de55644c7,0.04291131529732568
ck_81a960fddf79ecf1,0.8290583228144981
ck_8f43459991ea511f,0.015526509627647385
ck_f878b68d66fbfd4b,0.00999746909586692
ck_e84abfc0c747c9dd,0.8717933982006404
ck_3ad3fd3cceb56b66,0.9688085112179372
ck_7cf562578c7f158a,0.021456422762389304
ck_f81a97d350397306,0.013483782933507908
ck_255d87b7fb40caa5,0.017514667485540186
ck_b3905153b9eee924,0.019891101206971743
ck_2c80a592fb4cd6a3,0.04122996192445223
ck_57deb202d4188a29,0.008407391496210177
ck_e3cb5f31d8e94448,0.781723138094393
ck_0db62d5f7f75f80f,0.030915655311320095
ck_ced9163ea85589ea,0.01280505577140188
ck_e16528edc694fb33,0.9659628206307076
ck_78cc5ec4940fec3b,0.03407482430822887
ck_31742076e9a998f8,0.02095292056920887
ck_5ac335f02280271e,0.1830507042983594
ck_7cc2e091806cfa5b,0.02169460657687126
ck_3152c7115257f084,0.006200104610463461
ck_ab1b9d019921bca7,0.021225015312799345
ck_c33a762d98f9b290,0.011471978595918735
ck_b16a7c51b6f7a6b1,0.151391653608632
ck_97402a153348e68f,0.019805818018818252
ck_95391029a21caa24,0.1758024183617133
ck_c2015a1200971fe9,0.030049125733847926
ck_ed4427962c68918c,0.9862023245218295
ck_c5e4a17d3efb19a4,0.35418674620669155
ck_8aec3d3dd51517c2,0.011243116181962562
ck_f5178a658225d8e4,0.010155667945724539
ck_8594f165e95316d2,0.009085087381022143
ck_f0c4aac04076a6dc,0.02467440574706975
ck_ac2f7397801036ef,0.051765067369437756
ck_d1ea4bcc407c7d5e,0.0164410328739871
ck_cce8b6657a538fe0,0.010477476180193743
ck_66d0c6d6b67a8d58,0.02708652724234342
ck_1a6b30320835e57e,0.01493551553718038
ck_8cd274cc85aa35d1,0.011792609275732105
ck_ada46085a78280e4,0.02344654471199299
ck_ce1b06623e4a815e,0.018543047620631418
ck_45e70c8a9686580c,0.07405748999387712
ck_0084d8ab6b1044f3,0.17391349010829818
ck_a5f7b6fed6df2aba,0.016159842009138427
ck_94940d783e7988e6,0.03711034358365399
ck_00f9ca84d1d8ae7a,0.026385179342518512
ck_0deb56f3f6452818,0.016087391373164794
ck_a58e900469dfc3f0,0.014454687232593268
ck_028c41b195280980,0.013793517301953901
ck_7661d7ceaeb19f97,0.012064342455781089
ck_6957905a65c47879,0.011808807959909741
ck_f7c6c26ef3c4ae06,0.019519717317897374
ck_8777beb11aabd66d,0.011308857258906298
ck_7db098a17374bbf8,0.4215618015817402
ck_66aeb00e44486cda,0.7791834205899477
ck_838c52cc1d315ec3,0.010426195415343249
ck_1745847cd4e5dc83,0.0182448010560479
ck_201687857ec8b3cc,0.022205036046050685
ck_81818169208a8cda,0.018747802414859144
ck_3303fd3f64632c7c,0.054248192255821934
ck_edf1096809e83ef8,0.010607955148855623
ck_235ce9603c7dccbf,0.04326388287128423
ck_9df7e153868bca13,0.023129329413239443
ck_3cfeade2cf270fee,0.010106192242250352
ck_982b0bf2e2b6c4f7,0.028239829753008327
ck_faeb0da678bb86c0,0.01796515658692262
ck_e86ad2fe815b6ed9,0.007557959340734261
ck_70d69e5d1bb99e85,0.07533757418186628
ck_7e9a8924eab779e6,0.9840094412779433
ck_019d5891103e7da3,0.32505100757324534
ck_14f0484b3817eda5,0.019924470571073747
ck_85de63d278f0fbae,0.00599963454487427
ck_ae91b4cff57fb3bf,0.04884032595082799
ck_2a6d43b9f883b78e,0.45160635063868354
ck_7a4e3d553e8ab5b7,0.03306754556965562
ck_fdf89dc69f700f84,0.11768687517957856
ck_f92e04024bf13558,0.011484971141777944
ck_4a522ca2dc4831a0,0.005460813823068483
ck_68ba25dc3385fea1,0.15690045381915868
ck_22128a4f0d033422,0.024756177616358642
ck_5b52ee0a13c71590,0.07653289784120143
ck_59472d17debedafc,0.006793978674278595
ck_9dde2c63acda3ba3,0.04241447454209985
ck_7510b1023cd08531,0.08296006102223344
ck_071ddaaf2e4e3671,0.009748622707487617
ck_1355db6f4010232a,0.1350624498378955
ck_0a7adc2f27f98510,0.02511484525387563
ck_68250033717cd59e,0.005159037249670799
ck_7c12de74de30b788,0.039566633932160894
ck_65491367584c730c,0.057112231848096086
ck_e9047964952bee70,0.03475683334787902
ck_5567779d6ba184eb,0.039247212936697494
ck_d6ea026357ec6477,0.011512074400303341
ck_cd7dcc884e283746,0.05472925068318505
ck_0bd77fea8ed75a15,0.03143315118485425
ck_e80883208e8d0453,0.02485025262255276
ck_2ad0ecbacd5acf8e,0.9766977406839397
ck_6c1dbee7e8fdd5c8,0.02405996307165391
ck_ee4d9a7449515908,0.03187175856762167
ck_636111f7f030496c,0.02431379288894207
ck_2c629c657f73941f,0.04608955624186513
ck_c1c9d3842d758420,0.03780581606748836
ck_e4df7faacdfe8c40,0.01453652142433993
ck_94e8142728e44380,0.015868827412103888
ck_765aaf42c5088545,0.07198077006575729
ck_e0f845159b6e6a4a,0.018622987391321
ck_5bc07deb82edbad7,0.023397793861553006
ck_713159c5c6a7a4d0,0.9828530081354779
ck_b08afc91d9ca55db,0.013365801863360439
ck_a7bc323ffed2ea97,0.14496638097216707
ck_85ca825f905a34a1,0.011817589451036005
ck_33160c443d4b3f19,0.01223711784152569
ck_832d39c590a3ca75,0.6812638288545052
ck_7d1661a34164406e,0.8169181208698195
ck_c2466fc40fc9d5ed,0.9928941810773532
ck_ed0e776c0926ce67,0.013291362258275128
ck_cdd2ebeec75bfa69,0.2835819220235007
ck_d7877684c7923ec3,0.056045093688219416
ck_7384d4d2406aabf4,0.0510100647055442
ck_b8e5244e650aa81b,0.02044368024467011
ck_25a1ea40b2d59254,0.007922168792493568
ck_b9e5b318ee4de68d,0.008579910933262989
ck_620d7ae27af83cea,0.022494530273532223
ck_40b4e264d1a12b83,0.687792832208468
ck_b694c803b62862b3,0.011831863903699598
ck_cbeca201dbade3e5,0.02106181103074361
ck_f9b439c9161c3e52,0.25344546350807656
ck_9880410fcd10a28e,0.06705550649647392
ck_74928f5f91aa12b2,0.05213166114924962
ck_b6673bbe61d2680d,0.015608547152430144
ck_53c8315b5c30acb4,0.012090910343057053
ck_78f01d78ea79642f,0.013918068851290152
ck_8582490d6e365a63,0.03693276627902393
ck_af25c72d16299258,0.009779052525579403
ck_7905fe8e257b0449,0.6289558292814961
ck_0d16d9349e4a9e08,0.019320703706579397
ck_31b16b8848584e98,0.031206937309333584
ck_67207e3eecc02d76,0.022526491796589138
ck_e6b95ff91116a592,0.012163986082940753
ck_c08f622bcd6de6e7,0.03266714952657161
ck_f9a68da9e0f0bc85,0.07264603355317371
ck_4072b59388976896,0.01131153658831812
ck_8ec86e853ad52828,0.01484052445554889
ck_4fecb87eaffd5cb5,0.010644178376627934
ck_d6880578428b965e,0.059345045665614965
ck_bfc82b3c1c9f2897,0.7503143478415668
ck_c340644176ca03e7,0.01672977432179794
ck_321e740066fb05c3,0.20522870101774643
ck_8929d2eb09872052,0.07750593379166205
ck_205c107cec528414,0.1817165488774209
ck_e76db7d2562f9836,0.013166970264364503
ck_9ede51c8434cff6e,0.018947023666097868
ck_492e4b89c61b7b6c,0.012376587968824607
ck_9385f5a1eeebefcd,0.01991856690951887
ck_ee52c7bf88f952ab,0.009058241327592621
ck_d8116c34302021d7,0.007931166318669332
ck_01645ea51972e99a,0.032140135181669145
ck_7b45ed23304a854b,0.024974006483649672
ck_2096d32f3d497ea1,0.23182527745332826
ck_dfbb2056f1ef7d3b,0.029091867845967748
ck_938ce30c864bc7df,0.009853825720943312
ck_ff30dda2c881a4bd,0.028814460628595315
ck_f88c79186a082beb,0.03584407583707294
ck_08c7bb0f9851cb76,0.07403511013316243
ck_2675e7a008e584a7,0.03350642713543306
ck_cbaf8a954281d4e3,0.9601666805799894
ck_8b24eadf6c72b30c,0.14072766428589706
ck_ffc8e3c1377d0706,0.044793950899880905
ck_5b59e859bed5b40e,0.02390966114663058
ck_7b61717f172f9317,0.9274606375774733
ck_e5c30947b732f661,0.011278321664265147
ck_bc273f3ce79f7e1a,0.017954668675676938
ck_f69e93388b3028cb,0.2829121640221969
ck_3837ad850996ba60,0.032192112926110225
ck_36d78ff3bc033ee5,0.021661460925360754
ck_5e20953547ba4135,0.08124825170439041
ck_258d661e450ac870,0.00908196097668526
ck_1df66f537496ca59,0.29846025763116313
ck_361f535599110201,0.033200536779431064
ck_337e98c69f6e7886,0.01896521623019924
ck_d3d5b2717cfc3913,0.016580139670021504
ck_b1dba768dbe7affe,0.02562144821911907
ck_92d782bd9ce0d1e3,0.019585453788918038
ck_26bd0f8898afc8ba,0.04364700678588816
ck_7916e53daab36745,0.03279417427011118
ck_2caf553b31831a50,0.006005689450722566
ck_c6200734c7f9b2f9,0.5770178746483758
ck_cdc55623cb16e6a9,0.008791414939312443
ck_57849e15b61c43b4,0.010734490092370451
ck_b7af9b2ee0eebbc6,0.17169376987429674
ck_00aa5fc3b3bc66aa,0.10770266583441276
ck_9929723f65636c7f,0.8946929078393281
ck_8f6cce9f69912983,0.017026212277135192
ck_c422ba389ff00781,0.01206466731024955
ck_9ec7f334604a228f,0.012587697194487463
ck_5d01200ba3341462,0.01792321430439971
ck_2bf10be403849c9a,0.0101691952799435
ck_6ca018259f70858f,0.008873555882418664
ck_a54dc042ebb7c766,0.1720999392578909
ck_79da63fc100830b5,0.03001955061527649
ck_67ab6f9e05c85085,0.01136630497260155
ck_fa80da579ea9afc0,0.01656517523884362
ck_4339f86c87289222,0.0946073164738131
ck_a2299b4f530be0d6,0.27835279148457653
ck_19db0bf788697c2b,0.015651205007637666
ck_fa4211c4d826d830,0.01208101052902717
ck_96100d5e8e051e91,0.18600441865726672
ck_5c3a671883d58b3f,0.007390407843043241
ck_2d9524787cfe1ab3,0.06954536848956369
ck_47ab8e51e5b3a2d8,0.01835809415530054
ck_c924f36bc1bbbaa3,0.06407046976208149
ck_5c58e7f8fd55e26c,0.011260184454211097
ck_a07e7409d6d5aa06,0.01580276351718969
ck_c8413898f5f7cb7d,0.030234088806346773
ck_577c816b41cab002,0.48742579961926924
ck_9f7807ed64cdb728,0.19220855693270195
ck_495d814d6d6d521e,0.009118173364459699
ck_7aa8bc018c2b003b,0.05937563567423014
ck_7c3a6a82f3c3241d,0.04773385007413971
ck_487f7fbc290e4ae2,0.026916429044663497
ck_e556c4d36aadbe03,0.01696580674096315
ck_7e6569a1b2455cb0,0.005050422688146718
ck_de2924955926d046,0.030338446411873644
ck_73d60b4630e3937a,0.03204269346262904
ck_805ee564bd35ef15,0.04406544677570617
ck_0d40961e47797027,0.009710403025738359
ck_f06d00a4f9c87d80,0.061619726366148264
ck_5ef50fb07b6737d5,0.014647868096615932
ck_16541fc15683e21c,0.019167621531016067
ck_09fd43f1b7e2eca2,0.024908503440717284
ck_2a2c336a69b8d68d,0.5037016723998413
ck_2685f38930866af0,0.032006214369082714
ck_298278a9da874437,0.06697047147907285
ck_00bd7803f2530c68,0.033031029430784946
ck_c2b4a1d8c0b6c1cd,0.009834122057496916
ck_2acb54ca20c3af6c,0.05790940537229088
ck_e3d4b6f681c783ab,0.020423150737242567
ck_f90293f1eba5d7b6,0.017386612307205118
ck_e69d27e8965df0be,0.00523039815846157
ck_b7f5d10b427346ad,0.02817333826251781
ck_1ce20e4223a936b1,0.011523929469257042
ck_6b97d1ab90f6bdeb,0.06447379233937958
ck_e30e17db5473c7b2,0.13243139904766799
ck_154c8efb19dee665,0.014631650088118143
ck_6f5bb0c930644cae,0.995077979573805
ck_9e17699baa83d173,0.017501800989991816
ck_9693b1eb70880205,0.020067934370004044
ck_1e97899875bb427b,0.007646048777172103
ck_558a82590f65df69,0.012180094847631561
ck_18df83242ff3cdbb,0.03576483878822523
ck_80ad4396e1084c68,0.12173093731255587
ck_0a993bc947bab61f,0.10547335640582246
ck_5c2d43ff841632f9,0.021729311525541306
ck_6e4b99fb9725d9fa,0.02815279341653476
ck_e0983999ca26c19e,0.033384604824822514
ck_6573c4947cc8607e,0.024453091964219104
ck_d879d645d6e44207,0.012542519398054676
ck_1375ad9f10688e4a,0.019130529060752112
ck_7501ebbf4e21f160,0.01430346694128804
ck_ca60d61cd4dc3bea,0.009828497553733696
ck_ab9ea095a5c58b4b,0.02135437136654214
ck_23756522b58df5d8,0.008293405563766749
ck_90bc176c43d85fd5,0.23581151723024216
ck_908b663b2dda94ad,0.19987938715311662
ck_4df2fb8e4b649e27,0.050167691228222656
ck_5615c6bbdef05291,0.08829839649560012
ck_b62f3e3185251f71,0.04620984203181773
ck_38d1a22850178f33,0.07915540688134352
ck_5b3ba20c8bb1383b,0.012613345085249517
ck_5576ffc6aaf6f22c,0.003735195364791005
ck_cf7a022178165e56,0.011438675509199485
ck_f2c7a4c50e2ede96,0.015580922686072913
ck_285719c77eadf915,0.010391949316425767
ck_f2aa1b677619ab19,0.016857968382489333
ck_3830c58d841e9e69,0.5213484941368797
ck_32eba3510c8eac5e,0.22581453480680233
ck_8955d7b9030d5eb5,0.01862989530378209
ck_6775e387dace7525,0.04045008209863999
ck_0a0cd7f4be606a93,0.021245542712108358
ck_a9f700eee5d638df,0.016693238598708485
ck_3d7db96995745472,0.03128636509166363
ck_aeed557007d52e9c,0.007316539223652258
ck_79b6a86830156b5a,0.10099298660306856
ck_6a1ff9d69466181c,0.9612866220622509
ck_f11b1565f986f5e3,0.03678296168098753
ck_4819327a78615485,0.008786019933571292
ck_3ed9e081959b2f5c,0.01099820547089602
ck_16af4be191c47d3d,0.008678255924112215
ck_25122cc0e8b1a662,0.04607020682928709
ck_509c22828d467ba3,0.03218699805349765
ck_31109c899336348d,0.041799450742894706
ck_c51131e53baa59c7,0.022778003044189376
ck_cf8ecabbc61d3e11,0.08813353774125399
ck_eb6baff0f85ba936,0.02024212416833615
ck_777669e2243204f2,0.9301331773373592
ck_ac0ea27e692acdc9,0.010791721089398701
ck_4c6ea04ce8ca9e2c,0.021488812713980163
ck_ca54b32fca7e94cd,0.026801374527531244
ck_4dfd8947f540eb24,0.017491020062462878
ck_95aff1fe27fb24bb,0.009698256104919228
ck_c7550723b90e5615,0.00979393833988519
ck_57b3fee69bdf85e8,0.01993359976713342
ck_f823407ace7ff064,0.08096769452170523
ck_a69084a068bcc8aa,0.06388583190404216
ck_c7b17f7b24bef5d7,0.018714492738908017
ck_7c4e588f927c27c8,0.025944701979860506
ck_77fdac602d0c6f95,0.015955508707157954
ck_e963d8525018d072,0.020518557433955996
ck_6e8ebaea8f7bffaf,0.012615716870343716
ck_aa42976a31cb7770,0.005950923939797295
ck_22c862a496008c96,0.9907463073696018
ck_527550dd15f38782,0.024550570231997887
ck_b3ab3c210e2c7c19,0.03126156220339819
ck_ed9c56fdb9f45ddc,0.13228948542884103
ck_b53281da70defcfa,0.01704716551652278
ck_03009b721568ee98,0.06603420152856541
ck_3d9afd862b3f4053,0.09346087025050749
ck_ad3c4be96599554a,0.018871693023493136
ck_d1c787c27d50af49,0.06761385772411375
ck_c7a9c7b2eef46a99,0.21201952249680414
ck_53036d3c6c74446c,0.1650845590955856
ck_1b1efbd9c0964c8d,0.039078805780284484
ck_d66f42a269d5c1ed,0.07805586373070589
ck_fefc49a2b8ad993e,0.0188064924717496
ck_8b3b874249adece9,0.012169622077700502
ck_193d9c87ad3f1dad,0.006894785391381584
ck_0c6a50d747593b7b,0.011328477320439602
ck_c830f3830875b47a,0.02963424557876133
ck_79e202f06d8dfe42,0.009687107805388348
ck_5c0fe988b8aa7fcb,0.14799732250292788
ck_a8382d8345f21e1e,0.008376910587495423
ck_8cb20053914692d0,0.033219623455544675
ck_1da2f69023ca4c13,0.012486605775002884
ck_38abb60995114f8f,0.02307756446115515
ck_f5791fd8fd8fd191,0.012616094650403567
ck_a4e6fc391b674335,0.05031408751010202
ck_bd771efb4a7e15d0,0.038665133473349676
ck_38ba4a6b6a292054,0.12546654681739292
ck_f7a07283345a0dce,0.012385237192909213
ck_87dc484baaf5a23a,0.02739372773685491
ck_c84ef83489badbfd,0.03176470628535501
ck_a397cd64ec5d644b,0.0300081828098374
ck_7977135c2ff61e92,0.009023524842335089
ck_52174855b243a8b0,0.038876353951172095
ck_0f35e930d0614613,0.9462019022311166
ck_b170a7db522a0d6f,0.06977318672778854
ck_7af748a23775bd54,0.012497439612106085
ck_52f641c9ee6fda70,0.00643015195664935
ck_c3719a30414bbb4d,0.23837534058828524
ck_2baf214ad6bc0dbf,0.018333170775665684
ck_8b39d8aacfdd72b4,0.6104295231617838
ck_d39b0152116203be,0.014525126039294211
ck_ed33f8a937f9c7c8,0.0448282290915144
ck_8ef97b55a5fd6ec9,0.016071518634648535
ck_8247f008a14bd1a2,0.01542056249768249
ck_f0d349d68249d5db,0.007987737471892211
ck_a544e766540861fc,0.021585386302887265
ck_9dfaca4c7c80b10d,0.019405124713524114
ck_7e5401c362b2216a,0.007879048976927585
ck_64ff60c073fdb6db,0.017081199559268102
ck_fc5ea49518e5d637,0.023373006222610706
ck_580f136ced341298,0.01628449626721017
ck_9cbef9bc95449dca,0.07121648493480025
ck_e475a3b8ba870a7e,0.008074435225723499
ck_97e94708bcf43563,0.01374333525657599
ck_13f03ec785cbdae1,0.014817052658672019
ck_152820d8817f478c,0.02891396030815211
ck_d20d4ba60eec9945,0.009749287620226794
ck_5c45968a805132e0,0.019493782676110374
ck_bebea2cf3063fb24,0.009391822647805565
ck_c3c69aefe7ea1d2f,0.04021703159823111
ck_02028b72f26fe855,0.012651894517816533
ck_dfadff70a58a9133,0.015463495682294319
ck_6482ed4491bedcaf,0.008178316084158761
ck_754cd7b4a5ae3f94,0.048175347378677805
ck_3132857aec8485bc,0.012067927790003057
ck_7ce4ca91b8f9f1c1,0.012894853090850476
ck_41938582f4351772,0.023419378395133538
ck_f87d66946252476c,0.1267890691765049
ck_8053f1879a9b4e43,0.021666698733215816
ck_93892e91387f5103,0.0812488778884295
ck_15254db133b28371,0.018006071311227174
ck_d557b9feb241b3ec,0.01468876997832784
ck_71c3a8e4c12c989f,0.007476629798259629
ck_80e3041811033443,0.021836278009571247
ck_3380d60067b4634b,0.01377213775203884
ck_a9c2cdc758df8510,0.05264720376541405
ck_3c0031d7514da17b,0.02753603196933988
ck_18d214b1418be39d,0.015212241661477437
ck_7ce768407fd48321,0.013805061899042173
ck_7a50abd42298133b,0.03240067239049829
ck_2db10f987d137582,0.01971568907715645
ck_e077d004cd1d80ae,0.022405446073553024
ck_1cb6dc67f9a321b5,0.055214098169174615
ck_b864f64101149c35,0.1681037806522306
ck_9bedf54df9418e4a,0.007102434396775964
ck_c47e32c47f0e6578,0.09502193241506879
ck_71f382d5e338daa3,0.02085894598442773
ck_14b4bf7be6ac2b61,0.02267915232469441
ck_5c87eea1cc07cc92,0.014802014079286158
ck_5f445182829ef342,0.017475378496244955
ck_a5d7311291caaa54,0.05817548518044398
ck_b7df99aecef385e6,0.04757745014987963
ck_3327a0582407068b,0.0736911470347846
ck_08dba09fd7dab896,0.014460753317560644
ck_f4ec334be5266378,0.015372937050471597
ck_240f7f894c5a86e7,0.018317911955221002
ck_a9d994554fc14a02,0.007155761851256778
ck_13648cbd306eee6d,0.023186380029999946
ck_601edf9105b3c321,0.9861704801230358
ck_9527adac182abe57,0.3726700340548804
ck_4e0e80f5cc271bf7,0.004981931628758946
ck_96a89e720176b389,0.017445445427140143
ck_63560eec94b76d2f,0.028081878267137365
ck_c9c99e5b19aeced8,0.019248700335013844
ck_bc32655ee5ed643e,0.01479167539399521
ck_edccb5a93b741744,0.008194552150764747
ck_f786cbc987b70930,0.07632405831010429
ck_0e8f26536ccc8947,0.012957045832678964
ck_b87ef4b98cfcec4c,0.010656677460196239
ck_1a9235812de4b2c1,0.02841989152258886
ck_d1ed88ea4211ba4d,0.00523376393941054
ck_a4ddac49657a4450,0.008781471212962091
ck_d9ffca35188e49d8,0.010426822225319215
ck_3db73bbe03c3d240,0.0039018980824327173
ck_fffa0622344a36ab,0.012653321194186265
ck_148c28df51bba5e9,0.977658010800597
ck_076cbc25c8f15fc3,0.7607347410739698
ck_e5ca550b39ed45bf,0.18254226861224856
ck_8dacf3a2061ca17d,0.058814594240334105
ck_2d7394afd61643d0,0.02886141103099928
ck_e42206e91f6a1752,0.008680700381182054
ck_2f4f94827984c426,0.012704965360244768
ck_edfe8e90e8f4366e,0.02253781906828642
ck_646b15f753e5e9c6,0.020673089497348363
ck_66600620149c8799,0.031045520661964313
ck_4ff6fc70bccfba96,0.008780849037479955
ck_41af3729590c2484,0.01586819028736352
ck_920a48ba8c583e96,0.008640179245289897
ck_0253b3e7be021306,0.007826184512313645
ck_2ae6949246ea2648,0.027370750194148138
ck_db23a5100f338d72,0.19391816717784155
ck_fcb2a559474c3493,0.06820808122334787
ck_0a4d7acd2a53cbbd,0.021982376994819457
ck_c5d62b2b7a6f3bac,0.3103807378997555
ck_cf59f4fc0ea690b2,0.009585069201343149
ck_837be8126bb19250,0.007282773807791169
ck_58955542edee1adc,0.2766262618598123
ck_1b93381d8eea58d1,0.01542326359907795
ck_97b8e05d62abdc14,0.019934515808559972
ck_71a0d645744302a3,0.12464424790141125
ck_a7b57882ab66b111,0.010383308841895407
ck_65f76421be648549,0.02333310965473001
ck_b53ea8713d32ca7c,0.016694881013098774
ck_991c4c924a1d85ff,0.08496804244538106
ck_8432ccec1a4ec7fd,0.9236892094095681
ck_64c1633297f43788,0.07339018707783382
ck_4291fd9c1161d8e1,0.022751378864827993
ck_5e98ed6391d9f429,0.029352880642875005
ck_c7baebe4549fdbb4,0.026613312355016606
ck_6e67225ba59fa5ae,0.1631385471326589
ck_719602def4d35fe0,0.029887157282364876
ck_bdee7c86f5ebe81f,0.007119493115483602
ck_8de38f8c7f91961f,0.03579833012662382
ck_b0b5bf9254700402,0.07163546372450134
ck_7b55d9bb1a250d4f,0.0887779741600875
ck_3954b7b0fd1d6614,0.008527216339361975
ck_f29471fe7c818d6a,0.03883280544224014
ck_9e65a8a2f587691a,0.025507569841909276
ck_eaec5f1a83b66eb0,0.1750458813255063
ck_004fe0daecbe2c1a,0.06958989552827725
ck_d17653a4a2d4a79e,0.011877892123624605
ck_0dd417fcbf19e424,0.026734921609487178
ck_4c99a6eadea143e2,0.28496371986485663
ck_74d602c907ee9119,0.03999309120999931
ck_1aa87cb62acc0ac6,0.022144042201738167
ck_094974d75e29fb2f,0.1973336390539134
ck_5ef935ac3d4d3332,0.03434427919813352
ck_b26e4ae47c9107ed,0.12746552166648498
ck_396cea6f95186ad2,0.017146791470562226
ck_48446a9e8184c7d4,0.10864034525176307
ck_31e1ede23247d56b,0.1921925292830969
ck_7afefa349b960a3e,0.01768138993116996
ck_f5e02a3432571b20,0.025137212910672942
ck_64eefec062592c43,0.01647156964891841
ck_a1201284122c141f,0.06537203882499157
ck_1b34c420a4c85a95,0.01343069075188736
ck_d637a011332ba67a,0.010662753618434336
ck_99c0004d8b7079f8,0.007904329353094684
ck_948517bad569b40f,0.027621635024122397
ck_a28d6b1601b472a6,0.014606083622919716
ck_a0b4209feb31f5c0,0.9934248218168016
ck_d6d2c1f6dfc455b6,0.15300162535705916
ck_3f9e6d356d3dd3cf,0.01449017054001098
ck_d08e00c842b75176,0.018649876139965875
ck_bfdd232a7c5f2660,0.013116643218580741
ck_2cdad03ed069438c,0.0375393609251141
ck_42317c3eabd0a285,0.12039393525703163
ck_3eb73e56751c704d,0.005832330443301675
ck_ef33c04f4c9e3758,0.02355631926610849
ck_1dc23dc870f1773d,0.01147241316176947
ck_76091f357974a152,0.008274144351742731
ck_4d9eb75e8eee90fd,0.025879138891664693
ck_578f67e69e5d2cfd,0.012464318626422636
ck_3a8ce1cc724229b8,0.008258065591488476
ck_a96887f841e80fc1,0.015962915435210095
ck_d2d4a8f4a9f2c33f,0.21363678927218382
ck_11f85bc705dbe036,0.020846675365566354
ck_7429b3f87528e335,0.010089023132389893
ck_26df74feac7ec51d,0.027022472174569087
ck_c78b2638fadd91ab,0.020825922844781686
ck_7eaad325abe3b50c,0.009150985830834669
ck_fd44e34af620e606,0.049450803924101824
ck_f99738dff854e25f,0.020644824247030714
ck_1ffbce3a239bb264,0.1027701883950122
ck_96c7d52ba0a766ef,0.018541013982433397
ck_cb1c00c300af3f9e,0.12952942351996885
ck_ec3d12848ced99f2,0.005137008031055857
ck_26cfd7c3c6c7bf69,0.02668365165644953
ck_7ae86b5a885affc3,0.019497398128620416
ck_3edaa94d28cd48ea,0.12309045714584436
ck_3209c530c9812e39,0.03932367351763128
ck_ea62ebfc1f04b49a,0.011564934271936873
ck_5fc90b4668ea81bf,0.03246174021412672
ck_95654593cdebd141,0.011512094801110267
ck_958c0bd61820147f,0.015649461878641586
ck_8440ef1386c07194,0.03688498472318067
ck_8cd1b68dd74b1375,0.054319315368844545
ck_c9eb4df91ff07f2c,0.013539532489836928
ck_c29489366c01fe65,0.9404575831853005
ck_c965fd6bec0f0ecd,0.04019540581516915
ck_84c402b23766e1f2,0.01908802444351719
ck_181f3dae03b87136,0.1217985411509613
ck_022a8ae79eb28cf6,0.7621654475159337
ck_469c17407d17b706,0.03939554318430012
ck_1fcc5843f39148a9,0.021529572540586055
ck_5debd55f361b2ddf,0.02258714780678666
ck_28cb9b03e89263f1,0.03354934948679258
ck_f067470743d3c7a2,0.022534082320110255
ck_d5d225ce41a1a762,0.012324432492495778
ck_15b4840922195ffd,0.05148874371425246
ck_6bcfa37c717f19f1,0.017201956434297856
ck_8d501a0386c66be8,0.19901891887911732
ck_1a9d6190c57ea7e2,0.8714945672539691
ck_c49832eabdac5bb7,0.030530984063851546
ck_b4331140b2e0d4aa,0.02512125611908087
ck_5efbea1befdefe1b,0.1785428876727496
ck_72ff52c4824072ce,0.024160446460127393
ck_ec3715add8bbb6e9,0.029038200089727396
ck_9822f8ed05335741,0.04414458861052639
ck_c3d7d3d12a1981a3,0.008153831678118218
ck_a115a7919ac5875a,0.05327126590188589
ck_4dd4ed23e0b927b7,0.13150148005691348
ck_4c76efcc1ee6762d,0.015976959867470275
ck_3ad6e7bf452c9b21,0.0255751745081578
ck_dcbab304b55a42c7,0.027321659271765133
ck_24b53090faf722cf,0.011033230469230942
ck_187317383400491d,0.03560983225924159
ck_e07fd57565c94c28,0.11881834947962748
ck_740e760fdcd27835,0.03963608076007349
ck_d3796aebda1cfed5,0.484275263659522
ck_e541967c681cb929,0.019724649349810757
ck_431118050b834dcb,0.007233115302233132
ck_90f3655f0c8a0074,0.019812786056689496
ck_13cd943777651aac,0.02046791638846834
ck_66accecabf3901c0,0.018626385410390113
ck_937f0da2306b2eb9,0.014808409547155815
ck_105b0c93573fd5b7,0.8055335065913596
ck_00480407160e0743,0.013257471788348338
ck_e032068be7b77d15,0.2559129552620738
ck_991b7dfd69098320,0.013776133598056227
ck_37d47cf0f34574a2,0.013925046017772573
ck_011551a596544f5d,0.018531674785226136
ck_9acd98f4fe2d474e,0.2578748061804537
ck_7c88d3d377bb61bb,0.02733931980364578
ck_e2374c7136c964fd,0.09402952614578423
ck_2fa8f2577116e9ca,0.05075842370859723
ck_d07c5b0321c685ea,0.27585570186156433
ck_bc736114a31088a7,0.11196078242738368
ck_32bb42f9bff197f8,0.012369233971029346
ck_66267bbad1f1415f,0.7876530600625441
ck_19988702ccd79201,0.006264043415377399
ck_f473a03fbcdbc4b0,0.03736269640417101
ck_e3f1d85fa5d49396,0.03670430633953215
ck_c4402ea6291df271,0.03475937365665613
ck_243bd5ca8c4ae5d0,0.010571039044460962
ck_f271e855925e8d6b,0.09710049256052117
ck_e424148c6f2223df,0.03158545359139324
ck_e4d0a9e1102a58b5,0.06878192936471896
ck_91c2a5fe69b9b1d1,0.30962084625473174
ck_5fd8924732fe403e,0.04686949092675977
ck_9a881d5433126ada,0.08211861559540623
ck_73cab88b29c7845d,0.025680742636790266
ck_5b5dea6476d4e182,0.019619540869327233
ck_ccccb17d2ca6ce94,0.02933164900642548
ck_cd1dc68e441222b1,0.9493603481064392
ck_8312c49b1431a406,0.009956479701706083
ck_25fea39897f2a559,0.01217030318301142
ck_f56200205280bddf,0.036992643578798286
ck_7336611650dcc088,0.014043837504040087
ck_590716322ff147ae,0.08086521526968306
ck_c82364d87875a1a1,0.023001032522440037
ck_fa4b60387d744fc5,0.016031920032427385
ck_d841eba8906e9a15,0.005848192357604092
ck_d6df562a79b9d0d9,0.028406425556220548
ck_59a14d2564193101,0.1595956364778419
ck_8530158e3d7f59e7,0.021616164560303026
ck_ac68d707006c12a8,0.0637376579846153
ck_976fac1bb3dd8c58,0.02237397213959634
ck_f854fba8f4adae3d,0.06554328689351298
ck_b98e9c3ec6e7d1e7,0.014210552433063234
ck_803c0b4cf9d4bc1d,0.015013075003889886
ck_76997a33c3ea5107,0.005766565348059649
ck_f1a9d832b700bda1,0.9215276579055307
ck_2bd96ddb8c323d63,0.981044759662792
ck_9e5b7acf51b1b743,0.06514638068445985
ck_09169f22194fd6aa,0.05187645158454597
ck_6d69e092f9b0848b,0.019978906867929386
ck_9f83fa5a2d3b9049,0.018426620801089585
ck_57bbb19eecb4b87c,0.03324419337516493
ck_e0e9cfabb979f428,0.014319170810603644
ck_b1ff9edc51d42f97,0.030057893984828145
ck_4682fad271d47eb0,0.7486920501049846
ck_ab33fb754c818ae3,0.023645628838397954
ck_b456f62b80e21557,0.005622830158274016
ck_16340be3f2a7fffd,0.03419570961854949
ck_ce66831f6611014c,0.02783991965569124
ck_4610a073bb54d1b1,0.033687055777766324
ck_fd038a7d33a9d6e5,0.011058774222605126
ck_c8198cb4c461304f,0.05978730598675649
ck_1e7de58822000dea,0.010086746619265317
ck_b2a79dd3df560f14,0.02231111203485744
ck_74a06f347b32347f,0.02557773994956527
ck_c6fdb2972417c9bd,0.02623835940035069
ck_d7607a213b800bfb,0.018123109900416014
ck_df65967b8b40319c,0.012742198874869935
ck_329a73dbd585ee09,0.08362429276624776
ck_74991a9e85c3b07d,0.009847565382176278
ck_bb76609b79e0bc9f,0.4705629758534517
ck_f7fc1bd0b9ab1fa4,0.023235790084814988
ck_d111c98b36bdb791,0.00847597395134052
ck_f07e27d125497b66,0.0155569787581235
ck_093e3a7134e11d6b,0.03127020573152802
ck_862c7953bdea48b0,0.019999753724474118
ck_392cf2cdd515c34d,0.013902354547904628
ck_80eb91b0b4001084,0.03473233573896655
ck_5923f53b77193a58,0.03250766747348077
ck_8049f5fce32be185,0.4701528757303541
ck_ebc5a2c6cf88e252,0.057107210277595015
ck_9ea5872f14cce338,0.0167197420911383
ck_f7fbc95ebf584379,0.026752749144293934
ck_bafe82c870356706,0.9682656990409542
ck_278b36c5932d9bff,0.027662067808141233
ck_6a892dd5d05c1649,0.02086793803065806
ck_0734fd90b2cabd43,0.04328130049600943
ck_9b552204498b6762,0.021202875667925232
ck_f6c909c205767956,0.05402233234060574
ck_32f590e87bc3d715,0.0034743695954287685
ck_66a8325f28be7562,0.02576026700724043
ck_b129261da9c3c3c9,0.004635154460390745
ck_a524071c51ddde20,0.014340963696304868
ck_ba576d6d4cb6130b,0.17905347153536064
ck_8d8226520722af78,0.13571078412242307
ck_c5b0f0d4f1655a20,0.053014502699673755
ck_61814ae9b6d8eab1,0.015232329726459885
ck_382ebf136f7fa337,0.13034214017506116
ck_423ff4ede6a9f066,0.12086979192860486
ck_546ad962d04b7de4,0.86133002778715
ck_9473ea4a01c95f9a,0.04722227880614167
ck_9eb1da8cd35a50ce,0.018104482082993794
ck_de5eaa2cdbcb67ff,0.06652481201022808
ck_537cc97d0398c922,0.05575523132528295
ck_998475a2e4dfad4e,0.051368984883886526
ck_e62eb708d2688fae,0.020478528444183693
ck_ea623358f704daa7,0.08572483620682735
ck_b911a09f328dfd4b,0.008342207294689067
ck_4b3506b624e5193c,0.016971558950314873
ck_448456f96788713b,0.06517636238984041
ck_5d5ef9e75f65d076,0.062366504321224
ck_3b74512f774a6e5a,0.02740133621347651
ck_a032e8ac1507c6df,0.2062664051545604
ck_7e2d6b22a0ae20c2,0.13009442644683605
ck_d80283209c963f11,0.021745042926118747
ck_d1157eade2ac3975,0.023840915079199585
ck_be48f583f79427f7,0.040349398322153375
ck_0027b5d4107d65d8,0.017849924159609207
ck_94fff69584dd3b2a,0.01772840541289882
ck_75fcda73f0b43557,0.02606902940746773
ck_a1c78972e4ee4082,0.022729458981560608
ck_f0982bbdbd122f91,0.025627423062860376
ck_3199b471575aeb3a,0.00643880105265798
ck_7fa947a0b1c1cf74,0.07495369028342537
ck_a60c618b7f0e4252,0.028430265606923247
ck_722ac47c8ac9b6c3,0.06935108701693019
ck_d44dc3839a195c8a,0.08249064609982344
ck_a2c3e82fab520483,0.06433230369895371
ck_6f8ae0319c07cafe,0.009888443616920548
ck_49886ff1e2c759d6,0.0351335874569817
ck_150a1108f936e6b0,0.008395381279759745
ck_e21f9f96f597695b,0.007939805770912469
ck_7297bff2b7fdcbc8,0.008180538723305434
ck_ee949c71f4f702eb,0.6941856598242743
ck_6fc37dea4b4f35c6,0.04771750170597462
ck_e76257caa98dc25d,0.9632112273884783
ck_828eef2334e17b3a,0.05581499033015061
ck_604e1b8a8c693aa7,0.08013213478720053
ck_7743c9fe037d1f9e,0.01379332147396378
ck_864a11202e19e812,0.1304790627357032
ck_4ec040b9e3785e4a,0.010796038935678784
ck_7346e4f820d9c00a,0.3985024547489566
ck_48d4d63beb26b623,0.019262487775054873
ck_c423aa6de3ed1e01,0.011766523177225967
ck_d74b2ead8aaa3f73,0.00987961823090138
ck_1dd69a11daa7bf1a,0.006376664875396459
ck_d9143e236eef177f,0.6972755316636351
ck_f790d91e5ff0eccd,0.06423091294660607
ck_69b5620e00ef5dec,0.010868725053189693
ck_cd32e58e8a1c0e85,0.024790291899683806
ck_064013b0957d87a5,0.9908632765429566
ck_a481385c2e60dc4a,0.03213627981365966
ck_d72035cb29db3aa4,0.013227509724248257
ck_3759939a0205306d,0.012532953534029976
ck_f437a53fc832ec95,0.7728398076432096
ck_260ef2f3e6434819,0.12876169101492702
ck_35e411b05d22f663,0.015354889069871583
ck_8bf46e472f3e20de,0.1856638046443903
ck_d546994fc5d3e9d1,0.06881185419202705
ck_6ff0fc7487e737e7,0.10671671384808444
ck_5c67f27816ae0b6f,0.054235653295059714
ck_c5517923458106ae,0.008578854896931647
ck_d9735647a6b0b0a7,0.03969056009824217
ck_541a734fc457246f,0.05957725671828281
ck_2f6a639468f41043,0.006000110461988418
ck_bea2cf7a6b7bb900,0.01282407339401359
ck_7eebd0e6ad6c070e,0.012844915625684685
ck_b64c87d5e3b10e6a,0.7581956059199528
ck_9dd7daacb7833233,0.06308621802617836
ck_396e9ea9a6c6d7d9,0.05941736658811353
ck_1645e6cc53fa99ff,0.043507450637864986
ck_ea2a83ccb8d57490,0.013130569313144899
ck_e64f0df63e1be595,0.016681222334480977
ck_fa0b234481cb57d3,0.023456521983834137
ck_63379e3c9fe6f711,0.016680129438483536
ck_c67f7944896a0310,0.15259184060922368
ck_c10e54c9db29e6ef,0.9918668224900188
ck_7184ad7709ae4c80,0.014922882698529679
ck_f8b6069d7577fde6,0.023770277742868055
ck_18444be153bac1ca,0.17733537473931368
ck_d0982b4e0e118e4d,0.31273066585880727
ck_6faf3e6820398866,0.37768405254535115
ck_97e980463aca4644,0.027828712191300495
ck_630c835243c66b19,0.9345000948821555
ck_fe429ba3e1aa0e4f,0.014689028970345248
ck_1058129ed7b48c59,0.010624003521375809
ck_04a1a46f07885296,0.020166651850314958
ck_f01e94331067edf6,0.07583742282582578
ck_77b2fb17c29f5e72,0.025490924490131326
ck_4f0c5857da45fb28,0.03804458875234939
ck_2cfb9a7775e8a5bc,0.9832843878898709
ck_6846100e43659bf3,0.012459680436411406
ck_f89719a854fe11d7,0.03171929371119741
ck_bf47375e41ca3bc0,0.018983765042949206
ck_2770b0400a7bef08,0.049121741050821996
ck_2a09d142de1c77ff,0.0643496926999543
ck_857a1f5547b9ad68,0.04256914753900594
ck_185f15b1523bbcf4,0.21655576098787577
ck_ab2aed614ec1cdf8,0.0339479430096687
ck_a9e7f3b2d5dfd97b,0.029654956869358807
ck_0eeb3d9b3e697edb,0.03170551925101511
ck_fa5830d81bc8ddc1,0.016704521502216234
ck_231ae0329ebc3220,0.17218581910141348
ck_1587763dd54688c9,0.07385492806953693
ck_9f85fea4490c00cf,0.010807766090045981
ck_a2d709e7eb91e4af,0.046643345373755134
ck_43637d28c7216453,0.024475330137530595
ck_f3ab5dd853d38252,0.02293942524143136
ck_4a1f0172d3bf4fd3,0.01184248470690697
ck_517620ca16505af0,0.024559304942852637
ck_9ae904fbef56065c,0.01216683598437784
ck_d5ef1f6e34bb35b8,0.026732869764321092
ck_ff42557857ae3aeb,0.008978800128024985
ck_ad9a18f58589faa7,0.00947838344625227
ck_df1a6edaa3e6b271,0.02189987218268099
ck_99021fe7225b5a68,0.5795443066604389
ck_99e52c3c2530b69e,0.9842847754640802
ck_3a4811dc4a1a891d,0.01436536299395049
ck_ba3a6be026c87079,0.0163452736400606
ck_da6d1e5cf6aba6fd,0.010534620005279584
ck_ddc7c1f3d45fe6e6,0.025736617843893746
ck_e1b1e7a7e4a15b3e,0.06225840121035362
ck_8288f7f226e08b89,0.010837594611753338
ck_c4524993ec31dbe5,0.07276342562361617
ck_8b19bb5b23b6741c,0.09817395877887872
ck_d21b38231a8a9f4a,0.07473307459924548
ck_3f730318a9792292,0.06235963444516226
ck_a4db6e94a8f77f9d,0.11217414009017489
ck_a8cac8d480306839,0.01175902341336453
ck_5472214011fbc2a7,0.008579355647436126
ck_7356f47dbbbe7904,0.023037605034550022
ck_16801e628e883d78,0.01904278081015281
ck_0dc1e536231c4860,0.04459881795768432
ck_7cd0634a6e60af83,0.10646413829670318
ck_ef6f8e048ae1bd4b,0.011027364905812256
ck_82f3f744209888ac,0.0259235303750954
ck_f33188c232a03526,0.0820309621675962
ck_4a59f4e10bf45d7f,0.01207177287562577
ck_d96c893721385e4e,0.01062149721221235
ck_f65ab819373edb37,0.03281936775920146
ck_21cac21fc10b7768,0.008280263231299382
ck_139b54e6ccbdd7da,0.04252965355414511
ck_d6f5c8741697abb3,0.02279993381209706
ck_a28d9bb5590d458f,0.04029011574092516
ck_ed26d906883bea0a,0.023071835648449723
ck_227602ad072b838b,0.013979891654140573
ck_39d5f6c17c745ab1,0.0167842557118482
ck_744eade757ba69b5,0.05992816381610431
ck_c1295d97cdf35ec2,0.005147062029805273
ck_69105f881da3c821,0.01849539041252648
ck_933789b55361d7c1,0.8966944870375237
ck_b667952253503174,0.059105059928479024
ck_7bf668e25abeeb05,0.01224105554814905
ck_91742711dfdffd56,0.018836971593553426
ck_af32a0660090dd68,0.04871274985414157
ck_2122f201e65f76ee,0.0058567405904692
ck_f48acb73a5d6af07,0.016440700089650047
ck_337c5684510cf432,0.02950074934699572
ck_f7bde7265053364d,0.019268454885679617
ck_c190c7b924edba75,0.024068486153311874
ck_044fa3b3a003f0b5,0.023708950370837704
ck_87eb43e3b9d96169,0.052518858872384055
ck_2d3d6c9364362017,0.010024231087096238
ck_ac55dc6cbcdf8228,0.008750769726401613
ck_61d7b0568ec5d6cf,0.03915642771865322
ck_89c74feeaffa7d09,0.07245437979340989
ck_93776b0c113f41f0,0.04662874144342204
ck_15e0b679931f7a8d,0.01273916208808992
ck_77b56c49cfdb1d81,0.09725346367924685
ck_73188a826b5f499f,0.01368876362244155
ck_4f463ef25325ddfa,0.5679164567005367
ck_863db2e394dc47d1,0.02235702665230032
ck_d52432ed597f3cc9,0.008227819727145754
ck_04fb61e5739642f8,0.058939651906501356
ck_2e481d75d110c06d,0.015889096751606904
ck_3fa1a523d77cd619,0.031741921008448214
ck_466dc6274fecd708,0.025131179155384833
ck_e1790b3aa2241b10,0.885920797546751
ck_84ad096a46e1a960,0.08504702486053833
ck_3be72c9c178fa00d,0.011042906782838313
ck_5a17c89219d1d9fe,0.04981260750225847
ck_4f639f4ee6ce8d9e,0.14501631742224075
ck_f4ec4a935e51b4db,0.014531835452038332
ck_f04040a830f92bac,0.028676845560875786
ck_3e4d02a04be2aaf8,0.03065783599856285
ck_4d1baef193cfb900,0.023155398759792042
ck_0fb3153d37626b75,0.11378371821139985
ck_88ec57a11b11f702,0.782307830526025
ck_dca9dc465f759db4,0.03496835983517706
ck_64f5fba6af67e024,0.03836300530339517
ck_896096cb167254ef,0.0407679854076024
ck_7878679065876b98,0.01909760832709465
ck_fe8e5a6c880ceb4e,0.04678032490494685
ck_a5e036327d3d1862,0.00802784840801545
ck_310f73940fc4cf4f,0.056285931631738825
ck_46a8db16ad00b749,0.029252103461804665
ck_0d33977c3de8cfaf,0.9899948309856453
ck_c6fff412f531db0f,0.005983613244446862
ck_bac6dadf428eaea9,0.018741916551920427
ck_1b96d9af0d7da2d5,0.03202924625299263
ck_fa8a4a9e77799fcc,0.012935194636594972
ck_0bf48607a874b4d1,0.02063502331072179
ck_eeb75f8a6439f65e,0.015584617866287164
ck_a209a5f7d172125e,0.011149673001476451
ck_8f346b72fb40bf14,0.019926771655349344
ck_bccbf9fef367f00f,0.05221776392203073
ck_2d1548f1ee405cc9,0.024433379774693655
ck_e8298ff2dc1e9d50,0.006180016248366457
ck_77c0fb524edb4a94,0.00551524256661012
ck_28ac4c5134cb8e77,0.018815081951578706
ck_db23a0e3e54be60c,0.06443979838617206
ck_a059d00cee5cee99,0.00936513755537192
ck_3e9e3bba8bd363af,0.04258724029374473
ck_0428728df24cdab4,0.03225411584785154
ck_88cd35378075c84f,0.023451063582994244
ck_0174d76398d9dc0f,0.1679008533750732
ck_3f1287e6c27de0dc,0.01101670589709058
ck_ff822700f3605e06,0.8702378264468535
ck_4563227b2038ae07,0.13709250738093967
ck_788e78065526ee19,0.10959804001761503
ck_8a16eb584093b12f,0.02270347580548288
ck_cc276f71ab6c08fd,0.021750278235481098
ck_d61d97b21002f3e9,0.03440140436008466
ck_4b2e87d86a5e415c,0.058368622692578205
ck_3e6f35e4500d2f2a,0.003612876558451658
ck_3acdb083e0d8ad61,0.022954249508772777
ck_cd655202db489010,0.011656564294369154
ck_829cbf5ccda481ae,0.018874385645310587
ck_f5882e6f98b8b4cd,0.017973776835580674
ck_767947540b234add,0.01560002427116765
ck_a6e8e8f535b1f1d1,0.04344701695167337
ck_58412a2674fea506,0.015670405880565143
ck_fae7e518a585fa61,0.0319681699765067
ck_9c60ae6958d68dbd,0.26720763456067964
ck_328696b8f5e54ec6,0.027155768080968697
ck_7df3f8f4f1068d62,0.22947014717148967
ck_cfadd21458230ef7,0.041925347568382614
ck_7048bedd554c703b,0.01870261337011657
ck_50422466f145bfd7,0.019332376277263877
ck_61e1f7168cd9ff25,0.07689098795929299
ck_733aff0f56f5b3c9,0.010741431729930822
ck_e14892e424180549,0.024028070437648825
ck_03f6664a96de7d0f,0.016490816480048673
ck_b7f4baa2cc82fe61,0.008931136542324468
ck_1e51199a075ca0fa,0.008280263231299382
ck_0e70516fa07cfb17,0.7007373496855549
ck_0f37c554a5057801,0.2998486663254613
ck_5576b725de38d106,0.012793219778534337
ck_82f360df1e9f4eb8,0.05229619000755474
ck_395f3bd4aacd7ca6,0.011398310915152539
ck_5e8e857b63966609,0.1816200180286185
ck_93470896f0804b6b,0.956192345952705
ck_3be854e42e76569a,0.051185291135127285
ck_0567302c57a2417e,0.263899090094541
ck_ee535461b5f05539,0.09331623177714218
ck_94a096c36162a153,0.01620041129155727
ck_dfc8f5c141fd7c63,0.013985563150431904
ck_98b34f2d704c1c2a,0.012154743847414837
ck_96dff7a09d45f116,0.06488097554437222
ck_79557434c129ba52,0.015323080948689756
ck_4596624a7c01d501,0.021374034436837986
ck_04e89fbd739243fa,0.00752420296345665
ck_6149ffaf18872dc8,0.02248977841631733
ck_cd78f0832a09bd8f,0.24360400618036593
ck_7e29c10d781c3b41,0.03149574334903272
ck_1f7ee7b23fc6f2f4,0.027266557709226924
ck_c49b685d2b3ab89a,0.00949870179453771
ck_84569a8fc50e73ac,0.01874166634542837
ck_b92b11d205af91eb,0.014701704539580316
ck_06280e6d6d2485b0,0.019930091395605334
ck_3c08546dd0c92863,0.01636300215707684
ck_99d3983f907828bf,0.01651916889154098
ck_eccfd552aa652d3c,0.010211724308739865
ck_0cff8153881875ba,0.06483706499441524
ck_c1aebbeca6ab5ff9,0.019518543549652233
ck_538fdbbb3c2bcbbb,0.040842153223137695
ck_8c0210322733c718,0.04607420242833944
ck_0b0c93039f987abc,0.07952241694732598
ck_6d07d6d1bd227d37,0.02880355278332621
ck_9b6ee35e8cd0b11c,0.01205073804900616
ck_d838491d3d4f5ecf,0.02419204557871676
ck_0593ae243a9ebee9,0.012548450832243905
ck_ef261fc09be8eb0b,0.026044558273355306
ck_d0935b571a4a3868,0.02196217833847051
ck_97d04a67a104af39,0.03161375660999403
ck_e25f70d0b7229420,0.01846910243889219
ck_9b71274ff83de482,0.9783906416479397
ck_6de2aa2bb60978d3,0.03130537270170815
ck_eda55c8fb47593d7,0.011197301372020579
ck_924e572517515f19,0.057204449976474
ck_d6f27eacbad310f4,0.017222387195753353
ck_8550f229b5eb03ab,0.009236313611535226
ck_e3e95546a84d0ed8,0.01792492523099704
ck_3135c019696ee6af,0.34652446503417655
ck_41ba315d8fccb559,0.018096068485754402
ck_72b86e4485da2d0f,0.922774659793146
ck_daaa995f3c2f0e47,0.024775567735364674
ck_053746067839696b,0.01115098551588364
ck_a15fe7d0f4b65c33,0.7613396057833519
ck_15de11438732bb05,0.007441616162098217
ck_2c4d25acbe3fabd9,0.04696533925174447
ck_7f08078908599bd2,0.6506878700160257
ck_e794741742fb2619,0.011430604051599182
ck_238e53b6dee8c301,0.018819603989214673
ck_53a6a33060d5c8b8,0.056490204297189574
ck_0e0919292ad33472,0.1755427372853192
ck_d86ccf148c06c8c8,0.005008336587066365
ck_c881f26c9bf9ae42,0.5648290973836544
ck_4b0947bf94e9d847,0.03534145128786197
ck_e10ff5c38bd18470,0.014271513289407057
ck_b60de9e97aad9e45,0.40740479584847045
ck_190bc849e5ff5401,0.01316212872720611
ck_e7be077aa0b2632c,0.10042933840773759
ck_a51abde881ebeff3,0.023860910341107728
ck_2208392a9f6bd249,0.021883111803189022
ck_0259da8f109017e9,0.016801103113965557
ck_05e01ab9c95449da,0.017717285502571883
ck_c82897ebffb6ae66,0.008249157633225269
ck_b4a6bb4689cd7cfa,0.01846754030091386
ck_9e21ea33018ce538,0.009159229019488091
ck_caa348f0e65db062,0.9910790933354927
ck_a964e6b5d8415334,0.5134984328801067
ck_510bfbbee37ff436,0.007921563832452422
ck_9741a82faf5c7889,0.019410829000711227
ck_e7f61b4a39ba98ac,0.020699942894735767
ck_069d158665a53909,0.014755675787235535
ck_6426427efe3228af,0.039842979600810305
ck_ab4a8d02ec3c0fd7,0.011680986412833837
ck_aefa0d8d933e0eca,0.03256487569963497
ck_232325ef6bce92f1,0.009582485915140231
ck_14e58c3fb26a2b4d,0.01034563130805257
ck_06e73afdec26aecc,0.030613547242448674
ck_3168f4f2778d64e1,0.05537445789393347
ck_ff3998d6858daa21,0.013759164611704415
ck_bccff46fb0868454,0.07421940480204955
ck_c7d444d90fa86d7c,0.22019028898486817
ck_f0bc3bdee6bfbb94,0.026186752507174327
ck_f7112818a6d81422,0.020606849244678756
ck_aca35dbcb835ad02,0.022448886149159374
ck_f637fabf0f60528f,0.10586229956639931
ck_53d17ab97de1ac3e,0.023232701084093744
ck_c8c1bf16d9113493,0.19236320371013693
ck_e842fb0cf055a83b,0.15230074521615425
ck_93c0cb3dac4891fe,0.03819497413361788
ck_0c1f088e17e46daf,0.014689028970345248
ck_8f4b384955bf57c9,0.022667661541485425
ck_09cd5c4df1e81ac2,0.016107219943875886
ck_1e832a5b2342554f,0.05325613576920886
ck_2cb763a881aee27f,0.012218499344835244
ck_5875828b11406398,0.008131645261138883
ck_48e84b0cb0b90fa7,0.014922882698529679
ck_833688de8629c5c0,0.007811431999918843
ck_117d78ccd5820f36,0.01050687119476699
ck_668ec61c4c39cae3,0.04458137690672927
ck_73a7794b659d7a34,0.04223405217552446
ck_10f90d879209734f,0.010219831065299282
ck_d1d079913aa158bf,0.023482642571992084
ck_01c631b38e8a9535,0.012946100544560113
ck_f6923088c17a04e2,0.12883545578345057
ck_b447badc9138987d,0.009065401873540348
ck_8b772caed8f1541c,0.009906962275047015
ck_5403c76fe68a08ba,0.3709261911804418
ck_3e6833574edf1736,0.04250534564577131
ck_e527fbb9450a4581,0.8999666137383681
ck_cc90e219f1ebf390,0.004316949538559994
